date,price,market_cap,symbol,name
2020-01-01,129.18638529253852,14097451631.783957,eth,Ethereum
2020-01-02,130.4846850311141,14230588104.281237,eth,Ethereum
2020-01-03,127.04525801179804,13859793329.814827,eth,Ethereum
2020-01-04,133.70264861844188,14613194775.854177,eth,Ethereum
2020-01-05,134.1368826978575,14636213160.069315,eth,Ethereum
2020-01-06,135.00571364233375,14738834254.266087,eth,Ethereum
2020-01-07,143.80639795566535,15692578635.119993,eth,Ethereum
2020-01-08,143.019432264986,15656491188.064734,eth,Ethereum
2020-01-09,140.27393527388705,15364547561.67077,eth,Ethereum
2020-01-10,137.86055928182662,14998595868.023438,eth,Ethereum
2020-01-11,144.6047743464792,15647071448.436348,eth,Ethereum
2020-01-12,142.18233327497873,15564837467.520994,eth,Ethereum
2020-01-13,145.42287633530452,15859031094.44091,eth,Ethereum
2020-01-14,143.58796905036286,15715287657.358463,eth,Ethereum
2020-01-15,165.99143854583525,18075462340.568443,eth,Ethereum
2020-01-16,166.2530969048888,18104742352.015366,eth,Ethereum
2020-01-17,163.80590111423027,17869543294.566414,eth,Ethereum
2020-01-18,171.15621787671842,18727969032.79025,eth,Ethereum
2020-01-19,174.23837318258896,19138755594.52358,eth,Ethereum
2020-01-20,166.6271059505621,18220366702.244606,eth,Ethereum
2020-01-21,166.93852805776982,18243871990.6739,eth,Ethereum
2020-01-22,169.27993585839258,18460475135.804626,eth,Ethereum
2020-01-23,167.8265296405669,18358377435.95901,eth,Ethereum
2020-01-24,162.51937110634034,17722969842.693172,eth,Ethereum
2020-01-25,162.40947975163584,17777723072.283943,eth,Ethereum
2020-01-26,160.6736108617405,17587666193.195988,eth,Ethereum
2020-01-27,167.6474095857562,18279197138.315884,eth,Ethereum
2020-01-28,169.7364357354222,18576520021.386745,eth,Ethereum
2020-01-29,175.19000305345378,19212409346.36024,eth,Ethereum
2020-01-30,173.70688823620796,19140249467.28951,eth,Ethereum
2020-01-31,184.72621843141044,20090242968.224346,eth,Ethereum
2020-02-01,179.22910385240368,19751392940.997242,eth,Ethereum
2020-02-02,183.33693755210257,20079997942.89275,eth,Ethereum
2020-02-03,188.55064179431113,20619310835.276108,eth,Ethereum
2020-02-04,189.86176346298166,20791014743.301926,eth,Ethereum
2020-02-05,188.84220736948276,20665245888.10715,eth,Ethereum
2020-02-06,203.8593183747095,22414850796.683693,eth,Ethereum
2020-02-07,212.73341421352782,23314707733.86607,eth,Ethereum
2020-02-08,223.27631974791998,24407934017.312393,eth,Ethereum
2020-02-09,223.30077697426225,24478412143.01876,eth,Ethereum
2020-02-10,228.29226083217347,25011126326.73704,eth,Ethereum
2020-02-11,224.14699652028605,24577280465.17777,eth,Ethereum
2020-02-12,236.78534852972567,25966283262.662064,eth,Ethereum
2020-02-13,264.03276824299627,29001954205.996136,eth,Ethereum
2020-02-14,267.6704445042514,29312880235.867893,eth,Ethereum
2020-02-15,284.2318914741183,31059453816.69378,eth,Ethereum
2020-02-16,263.8999463915962,28909877146.05339,eth,Ethereum
2020-02-17,262.1562443168135,28746450516.039288,eth,Ethereum
2020-02-18,267.9356656159883,29075052114.63163,eth,Ethereum
2020-02-19,281.9457403055278,31034929114.66128,eth,Ethereum
2020-02-20,259.1838037480287,28662558273.135616,eth,Ethereum
2020-02-21,257.9883953048601,28258309183.25315,eth,Ethereum
2020-02-22,265.1644591338591,29114570356.366127,eth,Ethereum
2020-02-23,260.99654013152536,28657670954.134422,eth,Ethereum
2020-02-24,274.6312157785517,30135977087.940575,eth,Ethereum
2020-02-25,265.2421912203732,28974292556.854683,eth,Ethereum
2020-02-26,248.31738139395102,27274600634.783813,eth,Ethereum
2020-02-27,224.81050829744677,24823014146.598347,eth,Ethereum
2020-02-28,225.42971511683754,24879553838.25944,eth,Ethereum
2020-02-29,227.70528448376498,25137364865.97101,eth,Ethereum
2020-03-01,218.34835692985286,24105658618.96741,eth,Ethereum
2020-03-02,218.93979697447656,24049874527.90718,eth,Ethereum
2020-03-03,231.67944604592213,25392608994.495888,eth,Ethereum
2020-03-04,223.96011601810258,24709361638.74632,eth,Ethereum
2020-03-05,224.13487737180202,24635535324.34428,eth,Ethereum
2020-03-06,228.0809351016884,25072941968.371387,eth,Ethereum
2020-03-07,244.23846951978683,26861442576.626507,eth,Ethereum
2020-03-08,237.38079020191347,26199142579.509506,eth,Ethereum
2020-03-09,198.81964228768578,22145350491.45419,eth,Ethereum
2020-03-10,200.84687148188746,22001125399.41239,eth,Ethereum
2020-03-11,200.74903854851766,22178131746.591427,eth,Ethereum
2020-03-12,194.21794124025206,21375073649.951973,eth,Ethereum
2020-03-13,110.5978978308351,11956631650.303354,eth,Ethereum
2020-03-14,132.57285770180832,14567054564.19822,eth,Ethereum
2020-03-15,123.030844108903,13505998666.239887,eth,Ethereum
2020-03-16,124.60342553062202,13756072458.523424,eth,Ethereum
2020-03-17,110.99159845334059,12178760413.015514,eth,Ethereum
2020-03-18,117.21704138518466,12991193734.51619,eth,Ethereum
2020-03-19,117.7004246469663,12900856057.87349,eth,Ethereum
2020-03-20,136.81187578973578,15068113354.89011,eth,Ethereum
2020-03-21,131.96469397290025,14451395504.502293,eth,Ethereum
2020-03-22,131.94321845316688,14575207631.098148,eth,Ethereum
2020-03-23,122.5205987665882,13499834314.773163,eth,Ethereum
2020-03-24,135.58865798037067,14944699607.313162,eth,Ethereum
2020-03-25,138.77657127268222,15385255695.77982,eth,Ethereum
2020-03-26,136.23392142176775,15020580578.564753,eth,Ethereum
2020-03-27,138.76693759902926,15277363230.972204,eth,Ethereum
2020-03-28,130.2865618875773,14958737456.74538,eth,Ethereum
2020-03-29,131.42405214081145,14468066254.835968,eth,Ethereum
2020-03-30,125.31887451568916,13819843925.360764,eth,Ethereum
2020-03-31,132.36373895414985,14615131244.892355,eth,Ethereum
2020-04-01,133.2364468438201,14699970260.177477,eth,Ethereum
2020-04-02,136.21638557312852,14896572551.520117,eth,Ethereum
2020-04-03,141.4537053523866,15522802609.007648,eth,Ethereum
2020-04-04,141.26154326644877,15597757554.270603,eth,Ethereum
2020-04-05,144.200802681986,15898519073.894499,eth,Ethereum
2020-04-06,142.8508834648482,15770466064.128725,eth,Ethereum
2020-04-07,169.85504979336824,18679968361.111393,eth,Ethereum
2020-04-08,164.5160197107307,18166748814.85624,eth,Ethereum
2020-04-09,172.80356826747519,19089126835.76443,eth,Ethereum
2020-04-10,170.09510352387568,18787453383.948494,eth,Ethereum
2020-04-11,157.74015800780134,17375118634.991734,eth,Ethereum
2020-04-12,158.32787794181905,17489565908.771362,eth,Ethereum
2020-04-13,158.8638257195104,17790409219.818943,eth,Ethereum
2020-04-14,156.70135879140688,17316641314.145325,eth,Ethereum
2020-04-15,158.26715118298955,17559917949.258163,eth,Ethereum
2020-04-16,153.2228636800284,16933905371.155535,eth,Ethereum
2020-04-17,171.7759907508837,18989526634.23506,eth,Ethereum
2020-04-18,170.445890477055,18844786940.26037,eth,Ethereum
2020-04-19,187.14354411560592,20686869606.075146,eth,Ethereum
2020-04-20,180.05859654051866,19894212517.443478,eth,Ethereum
2020-04-21,170.70405868653958,18894679854.84961,eth,Ethereum
2020-04-22,170.45154288047368,18883297426.60788,eth,Ethereum
2020-04-23,182.2767576620704,20165266729.19022,eth,Ethereum
2020-04-24,184.59370248021838,20371607313.859978,eth,Ethereum
2020-04-25,187.34336861419638,20756708748.58927,eth,Ethereum
2020-04-26,194.11423682570447,21449928671.504494,eth,Ethereum
2020-04-27,197.22990444623989,21798344583.464844,eth,Ethereum
2020-04-28,196.46262535084685,21715118585.744934,eth,Ethereum
2020-04-29,197.15473156634306,21824818237.698734,eth,Ethereum
2020-04-30,215.54817266567386,23796586177.48911,eth,Ethereum
2020-05-01,205.55600541063674,22894189506.373463,eth,Ethereum
2020-05-02,211.96829534904975,23540629181.114624,eth,Ethereum
2020-05-03,213.94301121407548,23700169401.049606,eth,Ethereum
2020-05-04,210.02470947464775,23254687127.813503,eth,Ethereum
2020-05-05,206.8325342346069,22819858077.111965,eth,Ethereum
2020-05-06,205.22517973985205,22740460359.466698,eth,Ethereum
2020-05-07,200.25479450009442,22529347281.111214,eth,Ethereum
2020-05-08,212.29247620086525,23678773321.927563,eth,Ethereum
2020-05-09,211.68904835113835,23476076684.66088,eth,Ethereum
2020-05-10,210.4318181376063,23328821609.133904,eth,Ethereum
2020-05-11,188.13722615896586,20859785783.852856,eth,Ethereum
2020-05-12,185.67471809740294,20616754314.258286,eth,Ethereum
2020-05-13,189.30578181851274,20993946147.950317,eth,Ethereum
2020-05-14,199.36937254304945,22169692740.7452,eth,Ethereum
2020-05-15,203.21124699378416,22562017222.46954,eth,Ethereum
2020-05-16,194.27309778153102,21656663418.09443,eth,Ethereum
2020-05-17,200.58339090310048,22256509489.004852,eth,Ethereum
2020-05-18,206.76889403683904,22938430778.9383,eth,Ethereum
2020-05-19,214.35764164526782,23793534838.638046,eth,Ethereum
2020-05-20,213.68672021176667,23656360817.218487,eth,Ethereum
2020-05-21,209.9207882888633,23303624068.60854,eth,Ethereum
2020-05-22,198.9175157507187,22089212414.442772,eth,Ethereum
2020-05-23,206.22772963994552,22960218146.427925,eth,Ethereum
2020-05-24,206.4112069583191,22943289960.014706,eth,Ethereum
2020-05-25,200.69072858230618,22417907964.48714,eth,Ethereum
2020-05-26,203.81011834234977,22639118588.39778,eth,Ethereum
2020-05-27,200.96361540675866,22325672542.330963,eth,Ethereum
2020-05-28,207.84589389085414,23085068545.910442,eth,Ethereum
2020-05-29,219.59156405880168,24328143646.44253,eth,Ethereum
2020-05-30,220.49116734603788,24504031642.684784,eth,Ethereum
2020-05-31,242.70977026782677,27012940828.466957,eth,Ethereum
2020-06-01,232.33100303896677,25671662155.409367,eth,Ethereum
2020-06-02,248.04456658448655,27559451838.43636,eth,Ethereum
2020-06-03,237.26532012867918,26414164713.757725,eth,Ethereum
2020-06-04,244.1253366100756,27137533088.4328,eth,Ethereum
2020-06-05,243.70782131595863,27105225697.6403,eth,Ethereum
2020-06-06,240.24696898765103,26722521046.76495,eth,Ethereum
2020-06-07,242.02164036721499,26923196533.750423,eth,Ethereum
2020-06-08,244.22674439497985,27129407338.340355,eth,Ethereum
2020-06-09,246.21278326044262,27441367803.298782,eth,Ethereum
2020-06-10,243.8495266518988,27188436885.46926,eth,Ethereum
2020-06-11,247.5419715295243,27480866985.686268,eth,Ethereum
2020-06-12,232.00078536182022,25655172292.438347,eth,Ethereum
2020-06-13,237.59341087744238,26414947184.76374,eth,Ethereum
2020-06-14,238.29362910089247,26503078976.085632,eth,Ethereum
2020-06-15,232.11252047744935,25856836267.17579,eth,Ethereum
2020-06-16,231.0170115525279,25743924409.197376,eth,Ethereum
2020-06-17,235.28847948297147,26206196967.82947,eth,Ethereum
2020-06-18,233.8636184621818,26079437153.80169,eth,Ethereum
2020-06-19,231.68485732135008,25847377552.221436,eth,Ethereum
2020-06-20,228.9592128032193,25534271650.26011,eth,Ethereum
2020-06-21,228.8691487972198,25501270877.342506,eth,Ethereum
2020-06-22,227.79190590968685,25381090910.620564,eth,Ethereum
2020-06-23,243.36470999245498,27083046206.889904,eth,Ethereum
2020-06-24,243.07948223903702,27097142032.576195,eth,Ethereum
2020-06-25,234.5649846444734,26239099771.426495,eth,Ethereum
2020-06-26,232.64870349961575,25963410301.573772,eth,Ethereum
2020-06-27,229.6365260272679,25643178437.809326,eth,Ethereum
2020-06-28,221.0260852973422,24650756780.212147,eth,Ethereum
2020-06-29,225.12294616525017,25059706534.523754,eth,Ethereum
2020-06-30,228.20576377381224,25465535919.172665,eth,Ethereum
2020-07-01,225.59281496891896,25169333234.47631,eth,Ethereum
2020-07-02,230.66194359094902,25738012877.807854,eth,Ethereum
2020-07-03,226.57442434030435,25284990219.958416,eth,Ethereum
2020-07-04,225.1764054804081,25132071680.625286,eth,Ethereum
2020-07-05,229.09471646218861,25572481115.808292,eth,Ethereum
2020-07-06,227.8993750381917,25442148685.628662,eth,Ethereum
2020-07-07,241.52685187431663,26966777214.595856,eth,Ethereum
2020-07-08,238.96448054067793,26667827703.348965,eth,Ethereum
2020-07-09,246.85900786802029,27538955079.081337,eth,Ethereum
2020-07-10,241.97512857897888,27017961197.637337,eth,Ethereum
2020-07-11,240.95495378293265,26917385878.316235,eth,Ethereum
2020-07-12,239.10202554671358,26712364780.153114,eth,Ethereum
2020-07-13,241.7715226007061,26889793823.339703,eth,Ethereum
2020-07-14,239.63878681174097,26757968884.421734,eth,Ethereum
2020-07-15,240.25147066847245,26870705032.694412,eth,Ethereum
2020-07-16,238.66359720631723,26686755678.99533,eth,Ethereum
2020-07-17,233.837074562722,26142878196.66504,eth,Ethereum
2020-07-18,232.78147743826054,26015174195.367386,eth,Ethereum
2020-07-19,235.6811447764246,26352655621.666836,eth,Ethereum
2020-07-20,238.89523167867932,26715274452.48371,eth,Ethereum
2020-07-21,236.06009844538684,26401433618.61543,eth,Ethereum
2020-07-22,245.23373502634252,27404691587.94453,eth,Ethereum
2020-07-23,263.7624639660021,29528105819.948067,eth,Ethereum
2020-07-24,274.7236202591814,30714049723.16856,eth,Ethereum
2020-07-25,279.42705624758224,31236557399.18939,eth,Ethereum
2020-07-26,305.0381394111965,34136825749.960796,eth,Ethereum
2020-07-27,310.51799095173624,34754323492.16516,eth,Ethereum
2020-07-28,320.47619130968184,35873239729.40686,eth,Ethereum
2020-07-29,316.4067660520556,35422047874.02414,eth,Ethereum
2020-07-30,317.5390729161191,35553131948.946304,eth,Ethereum
2020-07-31,334.7419220365616,37564052087.124535,eth,Ethereum
2020-08-01,346.00350607288686,38794882275.39032,eth,Ethereum
2020-08-02,387.94242117124685,43411673380.48453,eth,Ethereum
2020-08-03,370.7323024312388,41469942047.79405,eth,Ethereum
2020-08-04,386.24744771780877,43272376856.193855,eth,Ethereum
2020-08-05,389.3830083498991,43787281284.318275,eth,Ethereum
2020-08-06,400.18436250317995,44844619093.01642,eth,Ethereum
2020-08-07,394.5417454611831,44217734699.095276,eth,Ethereum
2020-08-08,379.1351558498163,42541561650.30221,eth,Ethereum
2020-08-09,391.47843864211467,43821378072.89572,eth,Ethereum
2020-08-10,389.62293111291143,43682388559.8162,eth,Ethereum
2020-08-11,395.20991365718925,44298575284.664795,eth,Ethereum
2020-08-12,379.17476395275435,42639702440.41078,eth,Ethereum
2020-08-13,387.50053082397886,43436076387.69582,eth,Ethereum
2020-08-14,427.49026536796873,47693538253.1255,eth,Ethereum
2020-08-15,438.7625874702974,49022330904.64755,eth,Ethereum
2020-08-16,432.6546652389318,48462771178.61529,eth,Ethereum
2020-08-17,433.43186093211244,48635333662.57019,eth,Ethereum
2020-08-18,430.03250508972275,48259667903.08671,eth,Ethereum
2020-08-19,422.10665286599425,47400903599.29812,eth,Ethereum
2020-08-20,406.5744691821068,45642757811.590775,eth,Ethereum
2020-08-21,416.46977582279794,46754739209.41609,eth,Ethereum
2020-08-22,386.8238914189483,43434501400.18814,eth,Ethereum
2020-08-23,395.88501828908585,44454504740.72998,eth,Ethereum
2020-08-24,390.7891350477376,44021875258.788315,eth,Ethereum
2020-08-25,408.2691456317229,45914782850.88361,eth,Ethereum
2020-08-26,383.66214311829924,43097616381.47341,eth,Ethereum
2020-08-27,385.75249987492117,43337732292.52325,eth,Ethereum
2020-08-28,381.8376513210842,42903096293.90094,eth,Ethereum
2020-08-29,395.1382132386204,44402928843.0099,eth,Ethereum
2020-08-30,399.374543834064,44884412904.61814,eth,Ethereum
2020-08-31,428.2956791635218,48092923342.6494,eth,Ethereum
2020-09-01,435.6930232991007,49098776608.15353,eth,Ethereum
2020-09-02,475.6846642626859,54146717970.58548,eth,Ethereum
2020-09-03,439.35376021531494,49401551509.00041,eth,Ethereum
2020-09-04,383.6915311779978,43135808902.68998,eth,Ethereum
2020-09-05,387.9040290939166,43627087090.328964,eth,Ethereum
2020-09-06,334.46859301354317,37655618254.050865,eth,Ethereum
2020-09-07,352.99300214607035,39710363028.2121,eth,Ethereum
2020-09-08,351.8778602923998,39639961273.34071,eth,Ethereum
2020-09-09,337.84505193506857,37835807856.34224,eth,Ethereum
2020-09-10,351.2322670832359,39580368571.35996,eth,Ethereum
2020-09-11,367.63892881000675,41300327191.463684,eth,Ethereum
2020-09-12,373.9149059897517,42135842526.32081,eth,Ethereum
2020-09-13,387.72351629002264,43393172173.54062,eth,Ethereum
2020-09-14,365.695506306262,41170490544.06533,eth,Ethereum
2020-09-15,376.394561113407,42353184458.585205,eth,Ethereum
2020-09-16,364.6900450860686,41019180031.929504,eth,Ethereum
2020-09-17,365.13055081164816,41136175614.140686,eth,Ethereum
2020-09-18,388.7974562319938,43828530075.491394,eth,Ethereum
2020-09-19,383.17286599152135,43009572687.415535,eth,Ethereum
2020-09-20,385.4721234936851,43455110863.06883,eth,Ethereum
2020-09-21,370.9678951624775,41929980576.65271,eth,Ethereum
2020-09-22,341.27713087183076,38695806846.97656,eth,Ethereum
2020-09-23,343.9175471009491,38679912764.2938,eth,Ethereum
2020-09-24,321.0774351739628,36239170986.342445,eth,Ethereum
2020-09-25,348.8210199785493,39314719146.84341,eth,Ethereum
2020-09-26,351.3315670221176,39598389061.56603,eth,Ethereum
2020-09-27,354.2615819143104,39946698187.61045,eth,Ethereum
2020-09-28,357.0664364067552,40273903426.08249,eth,Ethereum
2020-09-29,354.4295835375506,39794887269.461235,eth,Ethereum
2020-09-30,359.4260895383702,40574256067.82458,eth,Ethereum
2020-10-01,359.59898475085777,40586538615.954575,eth,Ethereum
2020-10-02,353.1978481381707,39782583382.89109,eth,Ethereum
2020-10-03,345.9125682279143,39005631807.605095,eth,Ethereum
2020-10-04,345.99246319342933,39098719406.98244,eth,Ethereum
2020-10-05,352.4588065039611,39758373727.61445,eth,Ethereum
2020-10-06,353.6044273109067,39890007481.293,eth,Ethereum
2020-10-07,340.6160218128092,38419834420.75508,eth,Ethereum
2020-10-08,341.4437964782809,38556379197.91778,eth,Ethereum
2020-10-09,350.0556765681245,39539898845.29083,eth,Ethereum
2020-10-10,365.33944481939363,41261693685.49925,eth,Ethereum
2020-10-11,370.4718109734285,41919449520.12781,eth,Ethereum
2020-10-12,374.4970150925736,42273071872.950066,eth,Ethereum
2020-10-13,387.25555835657167,43787622889.79302,eth,Ethereum
2020-10-14,381.16877389892255,43068111158.10915,eth,Ethereum
2020-10-15,379.21025376092774,42827891085.95138,eth,Ethereum
2020-10-16,377.15868107868175,42625398559.363594,eth,Ethereum
2020-10-17,365.9906423831468,41424753265.12099,eth,Ethereum
2020-10-18,368.6504703636898,41654901940.043465,eth,Ethereum
2020-10-19,378.0493653237596,42730815492.78595,eth,Ethereum
2020-10-20,379.6394773321801,42919073937.74135,eth,Ethereum
2020-10-21,368.2270142350454,41623179886.79757,eth,Ethereum
2020-10-22,391.16674217757225,44137912522.42472,eth,Ethereum
2020-10-23,413.2018903361906,46776265907.292244,eth,Ethereum
2020-10-24,408.88948864371923,46233128841.054825,eth,Ethereum
2020-10-25,411.95921775305027,46625376044.79527,eth,Ethereum
2020-10-26,406.157094148215,45985592948.88831,eth,Ethereum
2020-10-27,393.38290839224464,44537523611.830605,eth,Ethereum
2020-10-28,403.529837833562,45687568527.06391,eth,Ethereum
2020-10-29,388.87733988207765,43943405500.51123,eth,Ethereum
2020-10-30,386.4460129872924,43798925859.1192,eth,Ethereum
2020-10-31,382.9007710380906,43341298725.501526,eth,Ethereum
2020-11-01,385.8445887975079,43692767478.3082,eth,Ethereum
2020-11-02,394.9363420491719,44687833549.98935,eth,Ethereum
2020-11-03,383.8498034220404,43437224863.28803,eth,Ethereum
2020-11-04,387.616373722075,43903834507.362854,eth,Ethereum
2020-11-05,401.7330968324722,45360338717.11154,eth,Ethereum
2020-11-06,415.9277704309719,47077208350.069885,eth,Ethereum
2020-11-07,454.6515430984697,51546745852.677986,eth,Ethereum
2020-11-08,435.4183540833094,49463138492.48698,eth,Ethereum
2020-11-09,455.3583669721691,51682115129.3641,eth,Ethereum
2020-11-10,445.0512933420698,50377035452.20988,eth,Ethereum
2020-11-11,449.8161845012962,51000796202.07293,eth,Ethereum
2020-11-12,463.18087172032307,52569790942.69943,eth,Ethereum
2020-11-13,462.2056195794902,52548309254.49251,eth,Ethereum
2020-11-14,475.9690936576015,53963588841.127716,eth,Ethereum
2020-11-15,462.7183970607933,52476765553.11609,eth,Ethereum
2020-11-16,449.2068016397434,50978678612.60896,eth,Ethereum
2020-11-17,461.3711967052673,52356872782.26836,eth,Ethereum
2020-11-18,482.1983847235396,54716609289.542305,eth,Ethereum
2020-11-19,479.43766136247405,54435713128.05311,eth,Ethereum
2020-11-20,471.31795839441156,53447508889.231575,eth,Ethereum
2020-11-21,508.79221458524455,57875755337.83428,eth,Ethereum
2020-11-22,548.842116249849,62062910159.27977,eth,Ethereum
2020-11-23,560.5088874583059,64219272617.02369,eth,Ethereum
2020-11-24,608.2733109189421,68705033455.82259,eth,Ethereum
2020-11-25,602.6662623938871,68461935305.63655,eth,Ethereum
2020-11-26,568.2751530404493,64369854808.743355,eth,Ethereum
2020-11-27,518.4670452162002,58947811751.581924,eth,Ethereum
2020-11-28,517.5530264056014,58773961397.899704,eth,Ethereum
2020-11-29,537.3926120944484,61290956964.36442,eth,Ethereum
2020-11-30,574.7511196548439,65121266717.863914,eth,Ethereum
2020-12-01,612.2637856122055,69576210026.93625,eth,Ethereum
2020-12-02,589.5818443540976,66950738084.67838,eth,Ethereum
2020-12-03,598.760610095824,68153602806.21818,eth,Ethereum
2020-12-04,616.506661565682,70109767421.9594,eth,Ethereum
2020-12-05,571.1904316349736,64944263291.91259,eth,Ethereum
2020-12-06,595.9194139680376,67764042948.9772,eth,Ethereum
2020-12-07,601.9689349244918,68483582708.01654,eth,Ethereum
2020-12-08,592.3865066820175,67474119685.86511,eth,Ethereum
2020-12-09,554.329674302381,63305670197.47529,eth,Ethereum
2020-12-10,573.8953091099941,65276424697.152855,eth,Ethereum
2020-12-11,560.4542654076048,63759073874.73225,eth,Ethereum
2020-12-12,545.9828352633687,62124158560.85701,eth,Ethereum
2020-12-13,568.3587534073821,64655118180.3175,eth,Ethereum
2020-12-14,590.3244403029342,67134794851.681,eth,Ethereum
2020-12-15,585.5418949360015,66629545532.422066,eth,Ethereum
2020-12-16,589.0668316450424,67041487308.61978,eth,Ethereum
2020-12-17,635.9618893796135,72301103108.2225,eth,Ethereum
2020-12-18,644.0652701929779,72955533475.1786,eth,Ethereum
2020-12-19,654.4204162965752,74135277407.04251,eth,Ethereum
2020-12-20,659.3188076372094,75092677592.1047,eth,Ethereum
2020-12-21,639.5154368778184,72618785345.5407,eth,Ethereum
2020-12-22,610.4270278980672,69545799024.42459,eth,Ethereum
2020-12-23,634.9797234431858,72327947935.45154,eth,Ethereum
2020-12-24,587.9588954992439,67468061368.13851,eth,Ethereum
2020-12-25,612.8796570505974,69867514814.01097,eth,Ethereum
2020-12-26,626.4567387784558,71422858091.1277,eth,Ethereum
2020-12-27,636.7423171944997,72391403990.8806,eth,Ethereum
2020-12-28,689.6598573269875,78833072066.0927,eth,Ethereum
2020-12-29,732.9570292975275,83575563402.66385,eth,Ethereum
2020-12-30,735.5908981625738,83885243123.81543,eth,Ethereum
2020-12-31,752.8559324490188,85790178023.44371,eth,Ethereum
2021-01-01,738.6169381520413,84037694047.35515,eth,Ethereum
2021-01-02,730.1473402196374,83294083323.20639,eth,Ethereum
2021-01-03,777.6960653039432,88595346035.55156,eth,Ethereum
2021-01-04,967.0005967288458,112525376104.65454,eth,Ethereum
2021-01-05,1025.6547675669035,116693162132.74934,eth,Ethereum
2021-01-06,1103.3582516225742,125112930227.72487,eth,Ethereum
2021-01-07,1208.5750928728885,137306782958.13135,eth,Ethereum
2021-01-08,1229.4713150147782,139084939665.71393,eth,Ethereum
2021-01-09,1223.7296883535275,139145700786.27826,eth,Ethereum
2021-01-10,1282.979575527323,147397891905.5662,eth,Ethereum
2021-01-11,1267.7310031512136,144775179901.584,eth,Ethereum
2021-01-12,1092.9143378806064,124728988376.03725,eth,Ethereum
2021-01-13,1045.406815230412,119330774034.78914,eth,Ethereum
2021-01-14,1132.0155910164729,128582223216.03041,eth,Ethereum
2021-01-15,1216.9147884634556,138240285220.32953,eth,Ethereum
2021-01-16,1171.8600177046465,133962341262.37857,eth,Ethereum
2021-01-17,1234.6318700828049,141369013157.282,eth,Ethereum
2021-01-18,1229.379698072007,142087383372.707,eth,Ethereum
2021-01-19,1255.976691513213,143378258827.21744,eth,Ethereum
2021-01-20,1383.4840902277115,157929393133.71045,eth,Ethereum
2021-01-21,1385.8529958752583,156457140894.28006,eth,Ethereum
2021-01-22,1122.912432537305,130713677392.4996,eth,Ethereum
2021-01-23,1236.6834427536564,140271927461.8329,eth,Ethereum
2021-01-24,1231.176379704471,140773242456.76056,eth,Ethereum
2021-01-25,1392.5397634449737,158167202909.14236,eth,Ethereum
2021-01-26,1323.4295031020106,151940348541.692,eth,Ethereum
2021-01-27,1355.233724240999,155446593758.92108,eth,Ethereum
2021-01-28,1253.141671558609,141774137750.6659,eth,Ethereum
2021-01-29,1328.773619066556,152877389472.9714,eth,Ethereum
2021-01-30,1380.2842591352105,158354114909.26474,eth,Ethereum
2021-01-31,1372.427228964234,157410718624.21973,eth,Ethereum
2021-02-01,1317.0474362291777,150322722005.1637,eth,Ethereum
2021-02-02,1368.6644548123775,155894407853.50046,eth,Ethereum
2021-02-03,1514.2251957516528,174557101587.54166,eth,Ethereum
2021-02-04,1661.000824367477,189023794263.7008,eth,Ethereum
2021-02-05,1587.8008991859367,183982328605.4526,eth,Ethereum
2021-02-06,1724.8569083393102,196424150368.47876,eth,Ethereum
2021-02-07,1683.941297865053,192164042318.95844,eth,Ethereum
2021-02-08,1608.6405479857196,184109385158.1494,eth,Ethereum
2021-02-09,1750.997553719215,198719063426.16904,eth,Ethereum
2021-02-10,1769.053533934599,203102939465.473,eth,Ethereum
2021-02-11,1739.164209004836,199919369275.37125,eth,Ethereum
2021-02-12,1782.5088691218523,203774834938.25632,eth,Ethereum
2021-02-13,1841.1977507032907,210344318124.73236,eth,Ethereum
2021-02-14,1810.8425457323726,207890872554.91016,eth,Ethereum
2021-02-15,1804.9841464366498,207057026271.03055,eth,Ethereum
2021-02-16,1775.758351701864,203972439068.60135,eth,Ethereum
2021-02-17,1782.5753090505934,204528599567.24704,eth,Ethereum
2021-02-18,1845.5739221567521,211713928319.03534,eth,Ethereum
2021-02-19,1938.5694368074617,221863277318.4042,eth,Ethereum
2021-02-20,1969.9797177628186,226038410300.14252,eth,Ethereum
2021-02-21,1929.367692879665,221404545098.43417,eth,Ethereum
2021-02-22,1941.4267676797988,223004310602.46854,eth,Ethereum
2021-02-23,1788.6152102806425,204731064486.9056,eth,Ethereum
2021-02-24,1563.9246059011416,179691686731.1511,eth,Ethereum
2021-02-25,1628.391533792655,185843232352.39114,eth,Ethereum
2021-02-26,1468.8601037286776,168658293547.98462,eth,Ethereum
2021-02-27,1450.988746804119,167151176870.9801,eth,Ethereum
2021-02-28,1480.1295768477528,167833687528.28204,eth,Ethereum
2021-03-01,1416.661552837565,163289758568.53607,eth,Ethereum
2021-03-02,1570.3996896340539,179885012253.05722,eth,Ethereum
2021-03-03,1497.0891042633873,172017777678.2973,eth,Ethereum
2021-03-04,1579.4271687603093,182133382817.63593,eth,Ethereum
2021-03-05,1546.4996211167372,177647949967.0106,eth,Ethereum
2021-03-06,1539.0484290947375,176268279969.45792,eth,Ethereum
2021-03-07,1661.9279698998157,191505024384.2956,eth,Ethereum
2021-03-08,1727.463096224567,198695961501.5439,eth,Ethereum
2021-03-09,1837.5330305439452,211132676701.59906,eth,Ethereum
2021-03-10,1869.3311016255,214412034435.93906,eth,Ethereum
2021-03-11,1802.3110916881178,207916309215.61444,eth,Ethereum
2021-03-12,1826.0574768119818,210018342198.09778,eth,Ethereum
2021-03-13,1770.9361793697751,203771682506.1516,eth,Ethereum
2021-03-14,1927.7207203999014,222405459430.76758,eth,Ethereum
2021-03-15,1866.0715447008808,215367930757.887,eth,Ethereum
2021-03-16,1791.047851830107,207264868908.9888,eth,Ethereum
2021-03-17,1808.5512173614395,207059072434.72623,eth,Ethereum
2021-03-18,1828.7548332342565,210150824167.56415,eth,Ethereum
2021-03-19,1780.1596459528505,205022936620.98633,eth,Ethereum
2021-03-20,1817.1329628084297,209188785173.5874,eth,Ethereum
2021-03-21,1817.8601431294944,209455699202.5177,eth,Ethereum
2021-03-22,1790.3780747526928,206013222508.0891,eth,Ethereum
2021-03-23,1686.8911971580417,195434685366.63266,eth,Ethereum
2021-03-24,1673.8591835627929,192388701720.41965,eth,Ethereum
2021-03-25,1581.631055931366,183005042939.6772,eth,Ethereum
2021-03-26,1587.2979641585232,182810172113.94278,eth,Ethereum
2021-03-27,1700.3668693581185,195511706252.9431,eth,Ethereum
2021-03-28,1713.8378756834459,197943394049.89084,eth,Ethereum
2021-03-29,1689.0367982059097,194647792269.71985,eth,Ethereum
2021-03-30,1817.626388088868,209088522651.80023,eth,Ethereum
2021-03-31,1840.294951985396,212080597430.12268,eth,Ethereum
2021-04-01,1915.8325358462234,221210690537.73203,eth,Ethereum
2021-04-02,1970.4711995232753,227187483748.8278,eth,Ethereum
2021-04-03,2134.101788297294,246446284273.69153,eth,Ethereum
2021-04-04,2016.6672472930366,233519912234.63,eth,Ethereum
2021-04-05,2077.755212422407,239721240194.1402,eth,Ethereum
2021-04-06,2097.7963827792596,242118495324.83636,eth,Ethereum
2021-04-07,2115.0554517461082,244306254505.299,eth,Ethereum
2021-04-08,1989.1480619041722,229324263726.26553,eth,Ethereum
2021-04-09,2081.3540625398964,240116470865.16214,eth,Ethereum
2021-04-10,2069.6677960855295,238825167325.68292,eth,Ethereum
2021-04-11,2142.7960653929085,246336623343.47812,eth,Ethereum
2021-04-12,2150.2651427927744,247431817683.18906,eth,Ethereum
2021-04-13,2142.476275865736,247289165411.20078,eth,Ethereum
2021-04-14,2304.3435163110134,265314823430.1463,eth,Ethereum
2021-04-15,2429.6615277515734,281118122172.12756,eth,Ethereum
2021-04-16,2514.1684155812304,290591950682.4659,eth,Ethereum
2021-04-17,2424.5538447081194,280617563098.8275,eth,Ethereum
2021-04-18,2345.266962776132,271060261616.9552,eth,Ethereum
2021-04-19,2245.7607533508544,259329079995.44214,eth,Ethereum
2021-04-20,2168.032726735651,251090482814.8267,eth,Ethereum
2021-04-21,2324.2846872281943,269456185695.19864,eth,Ethereum
2021-04-22,2373.501344298211,274296843910.20834,eth,Ethereum
2021-04-23,2426.0711497906045,280712855517.3182,eth,Ethereum
2021-04-24,2364.2312036020908,273323480799.64493,eth,Ethereum
2021-04-25,2212.8437976342047,258340689899.58817,eth,Ethereum
2021-04-26,2307.35532084471,266776799157.93356,eth,Ethereum
2021-04-27,2532.3868028851084,292829223558.3116,eth,Ethereum
2021-04-28,2647.158189660288,306136280873.3804,eth,Ethereum
2021-04-29,2748.7845851218613,317353332381.2044,eth,Ethereum
2021-04-30,2757.497552304977,318971242360.58826,eth,Ethereum
2021-05-01,2776.70371169874,321155845972.33514,eth,Ethereum
2021-05-02,2944.9169473185057,340730211563.77893,eth,Ethereum
2021-05-03,2953.2973480804735,341953594507.36664,eth,Ethereum
2021-05-04,3439.8550695192603,398258027094.341,eth,Ethereum
2021-05-05,3245.663148933579,380565712269.779,eth,Ethereum
2021-05-06,3524.562728476055,409191426695.66266,eth,Ethereum
2021-05-07,3495.0758690360576,405355930465.5294,eth,Ethereum
2021-05-08,3493.534500000208,404284565609.95483,eth,Ethereum
2021-05-09,3912.7429165968124,450716254202.56744,eth,Ethereum
2021-05-10,3932.754068170969,455448294000.9345,eth,Ethereum
2021-05-11,3979.6086519212827,461040789541.05756,eth,Ethereum
2021-05-12,4182.790285752286,481380994613.09344,eth,Ethereum
2021-05-13,3906.108903329409,465647015108.638,eth,Ethereum
2021-05-14,3750.3415950592753,431105320829.47766,eth,Ethereum
2021-05-15,4088.73170832043,473724804234.6842,eth,Ethereum
2021-05-16,3659.9218442136184,425715131137.06134,eth,Ethereum
2021-05-17,3602.0048969299023,414265118099.5364,eth,Ethereum
2021-05-18,3288.2298872378637,381161976477.9278,eth,Ethereum
2021-05-19,3399.0492796569383,390227141901.1161,eth,Ethereum
2021-05-20,2505.014945945662,295232973801.7795,eth,Ethereum
2021-05-21,2778.279660560299,322162621074.79614,eth,Ethereum
2021-05-22,2419.1032171150196,279623071718.589,eth,Ethereum
2021-05-23,2306.371266867117,268503273693.00333,eth,Ethereum
2021-05-24,2120.0373745099428,244070264760.92874,eth,Ethereum
2021-05-25,2640.1596323488234,306046123107.58295,eth,Ethereum
2021-05-26,2695.4778071496326,312566215516.573,eth,Ethereum
2021-05-27,2882.483407624011,334435114557.1313,eth,Ethereum
2021-05-28,2742.990862697615,319404492002.5219,eth,Ethereum
2021-05-29,2433.328865728611,282228507934.91974,eth,Ethereum
2021-05-30,2294.626285512794,268672927561.12476,eth,Ethereum
2021-05-31,2395.8532280027384,278270782653.56213,eth,Ethereum
2021-06-01,2708.429865793973,314463232386.7883,eth,Ethereum
2021-06-02,2632.6565998696506,306488816882.1444,eth,Ethereum
2021-06-03,2717.1540367097723,315313344228.8267,eth,Ethereum
2021-06-04,2858.27670209791,333964598115.05035,eth,Ethereum
2021-06-05,2694.4976666790503,312991097366.8545,eth,Ethereum
2021-06-06,2624.7689150594238,302743417251.8253,eth,Ethereum
2021-06-07,2711.5479390111605,315044778229.29706,eth,Ethereum
2021-06-08,2580.5355800598445,299857516850.1987,eth,Ethereum
2021-06-09,2528.022300878691,294068580258.7281,eth,Ethereum
2021-06-10,2620.6253893038547,304761367058.1624,eth,Ethereum
2021-06-11,2486.600068788676,289444120869.42664,eth,Ethereum
2021-06-12,2356.6347741896757,272748408238.43475,eth,Ethereum
2021-06-13,2379.991747950219,278223731471.048,eth,Ethereum
2021-06-14,2517.771695525423,292767118262.08405,eth,Ethereum
2021-06-15,2587.381610979154,300405113218.4146,eth,Ethereum
2021-06-16,2561.1883309320033,298324322330.12646,eth,Ethereum
2021-06-17,2365.872786190649,274666655404.67456,eth,Ethereum
2021-06-18,2380.744519633922,275415199641.5411,eth,Ethereum
2021-06-19,2231.554315497782,260039646334.19235,eth,Ethereum
2021-06-20,2176.308536317709,253396709038.79898,eth,Ethereum
2021-06-21,2251.5605593660407,261478202409.18997,eth,Ethereum
2021-06-22,1900.1222998935382,223202708788.72086,eth,Ethereum
2021-06-23,1875.3576944712033,216876757208.59253,eth,Ethereum
2021-06-24,1971.1059779809414,229518675836.76538,eth,Ethereum
2021-06-25,1990.0761511910587,231644258719.40115,eth,Ethereum
2021-06-26,1833.4631609981645,213871849531.6296,eth,Ethereum
2021-06-27,1817.047665540675,209989265221.48502,eth,Ethereum
2021-06-28,1973.9268648383472,229354016311.0035,eth,Ethereum
2021-06-29,2087.5187237874175,243040539437.43396,eth,Ethereum
2021-06-30,2169.400067865984,253607549372.41992,eth,Ethereum
2021-07-01,2279.354161419647,265951575833.03497,eth,Ethereum
2021-07-02,2121.657900633364,247210647940.18707,eth,Ethereum
2021-07-03,2157.880584866453,250754468066.2188,eth,Ethereum
2021-07-04,2228.532398568573,259079167729.78622,eth,Ethereum
2021-07-05,2329.004750998825,271472550895.4458,eth,Ethereum
2021-07-06,2217.3018530598792,258719784082.81683,eth,Ethereum
2021-07-07,2320.6549288317,270697947572.19247,eth,Ethereum
2021-07-08,2317.23694270242,270116728160.1227,eth,Ethereum
2021-07-09,2126.4424673902267,248124573571.6789,eth,Ethereum
2021-07-10,2156.5809569525845,251611015863.3228,eth,Ethereum
2021-07-11,2123.0585974934124,247860822594.06396,eth,Ethereum
2021-07-12,2144.0142572722566,250027222000.60455,eth,Ethereum
2021-07-13,2042.4991866143628,238086643137.17004,eth,Ethereum
2021-07-14,1944.3950166372085,227135827760.92883,eth,Ethereum
2021-07-15,1997.6633136705987,232939479730.00745,eth,Ethereum
2021-07-16,1910.7269516309964,223534356736.75906,eth,Ethereum
2021-07-17,1874.2002496808186,218477848474.5608,eth,Ethereum
2021-07-18,1899.8427500663568,221838551362.95905,eth,Ethereum
2021-07-19,1905.723382843169,222305469349.28598,eth,Ethereum
2021-07-20,1824.929392091902,214106247241.3399,eth,Ethereum
2021-07-21,1794.973425186835,209392844466.0158,eth,Ethereum
2021-07-22,2003.7239214521073,233005814487.5354,eth,Ethereum
2021-07-23,2027.5334479167045,236554595198.76672,eth,Ethereum
2021-07-24,2117.154607794504,247068794868.14566,eth,Ethereum
2021-07-25,2183.627414557696,255023351844.8617,eth,Ethereum
2021-07-26,2209.4993601030114,258067996305.1722,eth,Ethereum
2021-07-27,2230.212067673471,261543645427.02673,eth,Ethereum
2021-07-28,2292.579636803809,267339757878.51932,eth,Ethereum
2021-07-29,2299.689405936291,268838784855.6686,eth,Ethereum
2021-07-30,2383.443259961735,278785893426.22424,eth,Ethereum
2021-07-31,2462.3999826480103,287344044145.01373,eth,Ethereum
2021-08-01,2541.674599365905,297505707149.10004,eth,Ethereum
2021-08-02,2555.408178513038,297290528238.90314,eth,Ethereum
2021-08-03,2611.6730699481845,306483554365.1923,eth,Ethereum
2021-08-04,2521.268474889094,294760000421.45154,eth,Ethereum
2021-08-05,2724.5322427136302,319613239659.44226,eth,Ethereum
2021-08-06,2821.649692746136,330223699956.3277,eth,Ethereum
2021-08-07,2888.7322742752317,337961452767.8669,eth,Ethereum
2021-08-08,3151.2175169176753,368235028077.73975,eth,Ethereum
2021-08-09,3012.3085592702105,352872000029.7298,eth,Ethereum
2021-08-10,3163.0646551948857,363242219000.13837,eth,Ethereum
2021-08-11,3147.842995401753,368146417310.3951,eth,Ethereum
2021-08-12,3166.6472179679286,371120421692.36896,eth,Ethereum
2021-08-13,3048.4126816864195,356667351344.9034,eth,Ethereum
2021-08-14,3323.19799054098,387650495386.42346,eth,Ethereum
2021-08-15,3268.5481770314927,383333523376.4307,eth,Ethereum
2021-08-16,3309.7549104132368,387075388591.617,eth,Ethereum
2021-08-17,3153.583683763619,369733082268.3038,eth,Ethereum
2021-08-18,3007.1440271712713,354390048289.18036,eth,Ethereum
2021-08-19,3037.230251196439,357527359807.9584,eth,Ethereum
2021-08-20,3144.8184367851927,360685430760.7975,eth,Ethereum
2021-08-21,3276.9698366433354,383483277312.2806,eth,Ethereum
2021-08-22,3224.0004601521537,378500212583.48236,eth,Ethereum
2021-08-23,3243.4863583537394,380718215752.5816,eth,Ethereum
2021-08-24,3320.4091697810586,389578100858.59686,eth,Ethereum
2021-08-25,3177.6637963046905,373455291323.226,eth,Ethereum
2021-08-26,3231.4414517287996,378980836224.52765,eth,Ethereum
2021-08-27,3122.971797237849,367860898491.3749,eth,Ethereum
2021-08-28,3267.539434750998,383644799228.1656,eth,Ethereum
2021-08-29,3245.430222387629,380750077080.94684,eth,Ethereum
2021-08-30,3233.383151693551,378786220548.79956,eth,Ethereum
2021-08-31,3232.7338632854617,378977088509.6317,eth,Ethereum
2021-09-01,3440.5623358869034,403657783560.1046,eth,Ethereum
2021-09-02,3790.6139962215557,444243407062.371,eth,Ethereum
2021-09-03,3793.3007433464186,444936758974.6008,eth,Ethereum
2021-09-04,3936.1633916244464,462019852288.094,eth,Ethereum
2021-09-05,3894.937511605067,456929768632.2518,eth,Ethereum
2021-09-06,3950.270344526561,463973074693.0737,eth,Ethereum
2021-09-07,3943.256785301908,463012228435.44434,eth,Ethereum
2021-09-08,3440.3417568365676,404516339491.4938,eth,Ethereum
2021-09-09,3496.859022996073,413866162089.43915,eth,Ethereum
2021-09-10,3435.97993265133,403936419964.8866,eth,Ethereum
2021-09-11,3209.915696090501,376789025177.2447,eth,Ethereum
2021-09-12,3268.1041621348804,383321475836.21576,eth,Ethereum
2021-09-13,3417.839366766938,402834673220.724,eth,Ethereum
2021-09-14,3301.186776828727,387934440817.1596,eth,Ethereum
2021-09-15,3425.2508733748823,402557959131.82196,eth,Ethereum
2021-09-16,3595.9625714292315,421477522819.9356,eth,Ethereum
2021-09-17,3573.3075160249905,419510540250.7301,eth,Ethereum
2021-09-18,3412.177182421673,401297385415.4547,eth,Ethereum
2021-09-19,3427.58426153173,403306688199.6298,eth,Ethereum
2021-09-20,3335.884886514119,392513622186.47833,eth,Ethereum
2021-09-21,2977.3226793404747,348966852277.93604,eth,Ethereum
2021-09-22,2744.1109995297,322261202754.7664,eth,Ethereum
2021-09-23,3074.119761245824,359840797180.9415,eth,Ethereum
2021-09-24,3159.269865581771,371681653192.37537,eth,Ethereum
2021-09-25,2930.7427060738946,349627373001.0197,eth,Ethereum
2021-09-26,2946.9708461401983,347010586155.9232,eth,Ethereum
2021-09-27,3063.31634471348,359680654321.7558,eth,Ethereum
2021-09-28,2939.742282853775,346015184170.8788,eth,Ethereum
2021-09-29,2798.9844172601042,330646942649.06793,eth,Ethereum
2021-09-30,2855.6117305265157,335476370747.3378,eth,Ethereum
2021-10-01,3013.4932320320772,355017980604.5097,eth,Ethereum
2021-10-02,3305.107041443724,388950236002.1381,eth,Ethereum
2021-10-03,3393.9242492696653,399455864987.66345,eth,Ethereum
2021-10-04,3426.387080851377,403971441903.55585,eth,Ethereum
2021-10-05,3390.310407759615,400955543856.1877,eth,Ethereum
2021-10-06,3520.3422566393974,415494260964.53455,eth,Ethereum
2021-10-07,3592.1761295000256,423560000564.3804,eth,Ethereum
2021-10-08,3594.918357967647,423610266229.8694,eth,Ethereum
2021-10-09,3558.549577083409,419918377734.5956,eth,Ethereum
2021-10-10,3588.0809215501645,421836191767.0316,eth,Ethereum
2021-10-11,3431.0193069150096,404765054558.19244,eth,Ethereum
2021-10-12,3537.840087124068,415159189478.8265,eth,Ethereum
2021-10-13,3498.1052921206597,412579624206.76843,eth,Ethereum
2021-10-14,3605.6503342981764,425077639326.6074,eth,Ethereum
2021-10-15,3794.516888224821,447060207235.15424,eth,Ethereum
2021-10-16,3885.641764529699,457796523350.2234,eth,Ethereum
2021-10-17,3854.498461449342,453064999520.12646,eth,Ethereum
2021-10-18,3854.223686940845,453191180361.09015,eth,Ethereum
2021-10-19,3752.61872738495,443346920004.58325,eth,Ethereum
2021-10-20,3884.5872952429017,457653555321.406,eth,Ethereum
2021-10-21,4170.107932886265,491589810670.4509,eth,Ethereum
2021-10-22,4074.8601575202883,481528471021.37964,eth,Ethereum
2021-10-23,3990.711976433473,471642481174.71185,eth,Ethereum
2021-10-24,4179.44229816945,493125402509.4343,eth,Ethereum
2021-10-25,4094.9389934187225,482164548780.28937,eth,Ethereum
2021-10-26,4230.208371594039,499491060520.2567,eth,Ethereum
2021-10-27,4152.570288731245,489450382752.54156,eth,Ethereum
2021-10-28,3944.090861781322,466683206492.3765,eth,Ethereum
2021-10-29,4288.09721878663,505970778337.4693,eth,Ethereum
2021-10-30,4422.940535593754,521746545883.6817,eth,Ethereum
2021-10-31,4324.6099257118785,511066583044.32874,eth,Ethereum
2021-11-01,4292.04047236198,507889381626.9908,eth,Ethereum
2021-11-02,4330.553151595248,511441678721.3504,eth,Ethereum
2021-11-03,4596.59309058429,539884557845.201,eth,Ethereum
2021-11-04,4607.699273078144,543311992233.9774,eth,Ethereum
2021-11-05,4550.014435142697,534623910067.6353,eth,Ethereum
2021-11-06,4494.80276090967,531116824617.7209,eth,Ethereum
2021-11-07,4527.104154150622,534139628777.6332,eth,Ethereum
2021-11-08,4626.6292884486975,546469946549.37506,eth,Ethereum
2021-11-09,4815.004634322234,571665766496.0859,eth,Ethereum
2021-11-10,4742.08091060724,560964266378.8303,eth,Ethereum
2021-11-11,4641.528764849704,548699344220.5352,eth,Ethereum
2021-11-12,4732.9244503493555,560226056358.6504,eth,Ethereum
2021-11-13,4685.10635551733,552938385233.9376,eth,Ethereum
2021-11-14,4666.498498194288,551228905630.0963,eth,Ethereum
2021-11-15,4652.947394238871,546963335748.59625,eth,Ethereum
2021-11-16,4583.211418759011,541673876615.1028,eth,Ethereum
2021-11-17,4243.352906802173,501391963927.7868,eth,Ethereum
2021-11-18,4302.804958962834,507387229348.5558,eth,Ethereum
2021-11-19,3993.846595161859,472465696561.25507,eth,Ethereum
2021-11-20,4317.603195646166,509116804761.8423,eth,Ethereum
2021-11-21,4436.192766930451,524536655944.9339,eth,Ethereum
2021-11-22,4319.361566856902,514388218179.73724,eth,Ethereum
2021-11-23,4101.062876490145,485391988431.9048,eth,Ethereum
2021-11-24,4355.420957796475,515843824526.39667,eth,Ethereum
2021-11-25,4269.437219728043,505609296276.3257,eth,Ethereum
2021-11-26,4515.843300142739,535082405000.054,eth,Ethereum
2021-11-27,4048.3128440761725,479414339295.46326,eth,Ethereum
2021-11-28,4084.0884856959556,483997326749.38934,eth,Ethereum
2021-11-29,4290.091862536401,508385171334.4435,eth,Ethereum
2021-11-30,4444.528279821561,527331112023.3339,eth,Ethereum
2021-12-01,4637.121616831405,549758919636.0618,eth,Ethereum
2021-12-02,4589.610617539151,544051345075.8544,eth,Ethereum
2021-12-03,4519.441028028784,537814995667.8384,eth,Ethereum
2021-12-04,4240.155516808957,502863051143.01685,eth,Ethereum
2021-12-05,4101.656791810778,485429065737.4593,eth,Ethereum
2021-12-06,4198.572874562462,497049834886.77576,eth,Ethereum
2021-12-07,4347.615630598069,515778007028.56696,eth,Ethereum
2021-12-08,4310.566646424531,511409310852.7245,eth,Ethereum
2021-12-09,4431.540647139759,525850414062.19104,eth,Ethereum
2021-12-10,4153.333310724186,494841071220.93524,eth,Ethereum
2021-12-11,3918.200743402953,467266449092.32294,eth,Ethereum
2021-12-12,4079.814930569866,484278596802.5053,eth,Ethereum
2021-12-13,4135.841510137412,490316653455.3707,eth,Ethereum
2021-12-14,3782.8952622347147,449137302105.9432,eth,Ethereum
2021-12-15,3858.1644681806974,457658155854.8058,eth,Ethereum
2021-12-16,4015.72254331389,476630620294.2814,eth,Ethereum
2021-12-17,3971.5597663421136,471365651341.3005,eth,Ethereum
2021-12-18,3886.7473617182886,462267569583.3989,eth,Ethereum
2021-12-19,3966.4253516705508,471195598700.43604,eth,Ethereum
2021-12-20,3928.8417238716206,467396185408.52454,eth,Ethereum
2021-12-21,3950.4823919860964,471319155562.1543,eth,Ethereum
2021-12-22,4036.549717813428,480570348192.474,eth,Ethereum
2021-12-23,3992.5945766373156,475334762859.67194,eth,Ethereum
2021-12-24,4113.529931874606,488290658809.1535,eth,Ethereum
2021-12-25,4055.1173669313243,482498690510.26416,eth,Ethereum
2021-12-26,4110.571870853741,488792890035.21063,eth,Ethereum
2021-12-27,4075.03161894955,484795501758.7465,eth,Ethereum
2021-12-28,4045.051350119327,481030381194.1921,eth,Ethereum
2021-12-29,3807.3603674991996,453976220406.2239,eth,Ethereum
2021-12-30,3644.405516878227,432082393736.3374,eth,Ethereum
2021-12-31,3714.945456115339,441654436877.796,eth,Ethereum
2022-01-01,3686.4025423019352,439790867552.76666,eth,Ethereum
2022-01-02,3780.315874327848,449804685410.7303,eth,Ethereum
2022-01-03,3835.3959914939574,456852400304.9327,eth,Ethereum
2022-01-04,3769.4049401148714,448609586227.47644,eth,Ethereum
2022-01-05,3794.908130100449,454574318762.6068,eth,Ethereum
2022-01-06,3556.9062274078738,424088794962.4891,eth,Ethereum
2022-01-07,3416.8260086159135,407652437129.1328,eth,Ethereum
2022-01-08,3201.79457434796,381283293110.7904,eth,Ethereum
2022-01-09,3101.0409016141402,369734313550.987,eth,Ethereum
2022-01-10,3156.967262159481,375219467789.3698,eth,Ethereum
2022-01-11,3086.7290024387257,367654760059.0176,eth,Ethereum
2022-01-12,3246.413723028553,387505881839.82996,eth,Ethereum
2022-01-13,3378.0358951715943,402763358249.81146,eth,Ethereum
2022-01-14,3256.7588661330324,388039946028.0792,eth,Ethereum
2022-01-15,3311.986061274383,394664610644.99524,eth,Ethereum
2022-01-16,3331.246655159985,396899234936.6389,eth,Ethereum
2022-01-17,3356.2954438590405,400232172277.67896,eth,Ethereum
2022-01-18,3216.592980619574,383428420242.12994,eth,Ethereum
2022-01-19,3166.4539115046164,377918294939.4783,eth,Ethereum
2022-01-20,3097.0214660626802,371296193085.12195,eth,Ethereum
2022-01-21,3015.588777543836,360580494818.73,eth,Ethereum
2022-01-22,2564.3433423740635,306644499897.7337,eth,Ethereum
2022-01-23,2407.377851608285,286799916366.57184,eth,Ethereum
2022-01-24,2537.836727861043,302626363351.5348,eth,Ethereum
2022-01-25,2447.831512095295,292022326101.0083,eth,Ethereum
2022-01-26,2465.21922984942,293702336549.67474,eth,Ethereum
2022-01-27,2470.4304120157067,295723346868.75024,eth,Ethereum
2022-01-28,2411.863855325421,287829476402.6202,eth,Ethereum
2022-01-29,2551.1110735194716,304305302571.33734,eth,Ethereum
2022-01-30,2603.603872339056,310059710546.2545,eth,Ethereum
2022-01-31,2610.1824055910874,311602914058.75037,eth,Ethereum
2022-02-01,2689.2208672204492,320354563857.1168,eth,Ethereum
2022-02-02,2797.434855273681,334032944115.64844,eth,Ethereum
2022-02-03,2690.319739476765,321296521004.9529,eth,Ethereum
2022-02-04,2667.256728215686,317503695895.34064,eth,Ethereum
2022-02-05,2993.0994395135976,354558118293.0548,eth,Ethereum
2022-02-06,3018.6733981571506,361600442694.43896,eth,Ethereum
2022-02-07,3062.8058084507857,366038313761.43805,eth,Ethereum
2022-02-08,3149.953285509783,376351043607.997,eth,Ethereum
2022-02-09,3127.438106740214,374043919421.316,eth,Ethereum
2022-02-10,3240.9210444877285,387321193246.79065,eth,Ethereum
2022-02-11,3081.911501840844,368377710139.77985,eth,Ethereum
2022-02-12,2930.5631692063735,350133590835.08734,eth,Ethereum
2022-02-13,2918.0853674291184,347517755313.83966,eth,Ethereum
2022-02-14,2889.235678281073,345252969326.4971,eth,Ethereum
2022-02-15,2935.6454998606846,351368910987.00305,eth,Ethereum
2022-02-16,3179.3002065350443,381791121976.2447,eth,Ethereum
2022-02-17,3128.640780542462,376071884044.5087,eth,Ethereum
2022-02-18,2881.613122162859,345252572787.0988,eth,Ethereum
2022-02-19,2792.3038477186237,333997569707.84204,eth,Ethereum
2022-02-20,2768.9716520348597,330814655802.00714,eth,Ethereum
2022-02-21,2632.49139911745,315015971538.73315,eth,Ethereum
2022-02-22,2574.513383778016,308836894427.69006,eth,Ethereum
2022-02-23,2644.153655546016,317004525462.3889,eth,Ethereum
2022-02-24,2594.700959110155,310997586955.65283,eth,Ethereum
2022-02-25,2599.9335696870216,311533514951.14,eth,Ethereum
2022-02-26,2771.890509646429,333625150661.6757,eth,Ethereum
2022-02-27,2785.3389569017427,332645349329.944,eth,Ethereum
2022-02-28,2629.48312082149,314566178973.5596,eth,Ethereum
2022-03-01,2919.294962425658,349056335389.1799,eth,Ethereum
2022-03-02,2977.276039756805,355855644056.71844,eth,Ethereum
2022-03-03,2953.315776286441,353807222059.12616,eth,Ethereum
2022-03-04,2836.9063366005576,340585349633.38696,eth,Ethereum
2022-03-05,2619.356137634489,314336377085.58026,eth,Ethereum
2022-03-06,2668.70597865687,319334318240.9434,eth,Ethereum
2022-03-07,2558.359874049847,306675297178.70435,eth,Ethereum
2022-03-08,2498.658864965217,299834957580.4126,eth,Ethereum
2022-03-09,2576.6271539947625,309291567872.3395,eth,Ethereum
2022-03-10,2731.037685293996,327144318378.6509,eth,Ethereum
2022-03-11,2611.4647225047097,313054369877.37134,eth,Ethereum
2022-03-12,2562.8323535359655,307992205234.7309,eth,Ethereum
2022-03-13,2579.4581356883637,309539252974.5316,eth,Ethereum
2022-03-14,2518.492845270615,302103577555.32056,eth,Ethereum
2022-03-15,2591.5420409591425,310467033555.37006,eth,Ethereum
2022-03-16,2620.363852420936,314931220494.93384,eth,Ethereum
2022-03-17,2771.759457292368,333204590005.1927,eth,Ethereum
2022-03-18,2817.401074966818,338097336083.8262,eth,Ethereum
2022-03-19,2945.7459101862714,353539105454.5327,eth,Ethereum
2022-03-20,2947.226158224087,353770129278.67426,eth,Ethereum
2022-03-21,2860.641960901919,343170506313.24133,eth,Ethereum
2022-03-22,2896.5869324317464,347666776668.2674,eth,Ethereum
2022-03-23,2969.78498365825,356813271188.88025,eth,Ethereum
2022-03-24,3028.8352577107285,363715804798.513,eth,Ethereum
2022-03-25,3106.657023584939,373177111114.7027,eth,Ethereum
2022-03-26,3106.072054158695,373074920726.7511,eth,Ethereum
2022-03-27,3140.8757105064406,377825418684.3759,eth,Ethereum
2022-03-28,3285.1730967305425,394486853105.0086,eth,Ethereum
2022-03-29,3328.9341246867148,399977979554.21063,eth,Ethereum
2022-03-30,3401.184431040135,408153998267.8274,eth,Ethereum
2022-03-31,3383.7887617814154,407460530687.7479,eth,Ethereum
2022-04-01,3283.3028425717257,394628513775.2061,eth,Ethereum
2022-04-02,3451.1960908672754,414854897478.46454,eth,Ethereum
2022-04-03,3440.3362384891684,413595262456.1556,eth,Ethereum
2022-04-04,3521.5847247785246,423410516389.8548,eth,Ethereum
2022-04-05,3520.9671175043636,423367935034.98956,eth,Ethereum
2022-04-06,3422.9698837547116,412944890807.9602,eth,Ethereum
2022-04-07,3171.371104498954,382808702033.7895,eth,Ethereum
2022-04-08,3232.834988999582,388867320187.2107,eth,Ethereum
2022-04-09,3192.0250912893603,382662893229.3914,eth,Ethereum
2022-04-10,3265.938067729151,392551461530.81824,eth,Ethereum
2022-04-11,3219.159553453764,388982079663.2629,eth,Ethereum
2022-04-12,2992.7021064252435,360149250762.0514,eth,Ethereum
2022-04-13,3038.209421996366,365661388410.7189,eth,Ethereum
2022-04-14,3121.399823462041,375767680796.0061,eth,Ethereum
2022-04-15,3023.417211885316,363962080917.9128,eth,Ethereum
2022-04-16,3045.42807480128,366695398817.36127,eth,Ethereum
2022-04-17,3066.3580141449797,369787917596.8767,eth,Ethereum
2022-04-18,2995.719421019825,360748880962.95123,eth,Ethereum
2022-04-19,3061.8905711469047,368758484169.854,eth,Ethereum
2022-04-20,3104.688447526111,373782979942.61957,eth,Ethereum
2022-04-21,3079.6764776018495,370910549448.9755,eth,Ethereum
2022-04-22,2987.4888760341605,359917773311.257,eth,Ethereum
2022-04-23,2967.085285238213,357702343019.6129,eth,Ethereum
2022-04-24,2940.6879777714407,354358143094.8383,eth,Ethereum
2022-04-25,2922.901865199808,352895958715.2752,eth,Ethereum
2022-04-26,3008.3363470853,362590296737.94165,eth,Ethereum
2022-04-27,2806.748835957046,338098235743.8579,eth,Ethereum
2022-04-28,2889.5922230230817,348355348857.35516,eth,Ethereum
2022-04-29,2932.455083612903,353388170472.60077,eth,Ethereum
2022-04-30,2817.4898821916195,340291788026.5969,eth,Ethereum
2022-05-01,2738.1741359527714,330211251741.10095,eth,Ethereum
2022-05-02,2832.513106895354,341626180826.6119,eth,Ethereum
2022-05-03,2861.3723755560436,345080135066.0433,eth,Ethereum
2022-05-04,2786.0472478011084,336655132684.7217,eth,Ethereum
2022-05-05,2942.052313122658,355229761723.3485,eth,Ethereum
2022-05-06,2753.936566546688,332103738939.991,eth,Ethereum
2022-05-07,2699.7072470893745,325971900416.40796,eth,Ethereum
2022-05-08,2641.229106940243,319030900103.94275,eth,Ethereum
2022-05-09,2517.8299224886478,304412453306.29724,eth,Ethereum
2022-05-10,2249.8909622207443,271594796946.79037,eth,Ethereum
2022-05-11,2344.797715643986,283082341315.2594,eth,Ethereum
2022-05-12,2080.910243657776,250066823474.8895,eth,Ethereum
2022-05-13,1966.6991711336661,238137944005.85858,eth,Ethereum
2022-05-14,2010.214051125259,243391440608.9294,eth,Ethereum
2022-05-15,2064.229357512243,249319115268.20465,eth,Ethereum
2022-05-16,2147.047447880575,259350256988.01163,eth,Ethereum
2022-05-17,2025.8886983912162,244741893933.73114,eth,Ethereum
2022-05-18,2095.178884796724,253640825085.77072,eth,Ethereum
2022-05-19,1915.1771232664505,232056327519.7834,eth,Ethereum
2022-05-20,2023.8482593608173,244359004842.60373,eth,Ethereum
2022-05-21,1963.9909395294865,237366807798.8157,eth,Ethereum
2022-05-22,1978.1471325624789,239102942424.56775,eth,Ethereum
2022-05-23,2046.6463496545232,247730054115.44598,eth,Ethereum
2022-05-24,1974.5811944790914,238722810744.1854,eth,Ethereum
2022-05-25,1979.770545006472,239375431792.86758,eth,Ethereum
2022-05-26,1944.8428445072448,235347664835.4594,eth,Ethereum
2022-05-27,1807.9694742881136,219247293980.15558,eth,Ethereum
2022-05-28,1724.8757340323443,208622909553.50162,eth,Ethereum
2022-05-29,1798.6948545788846,217791356992.8858,eth,Ethereum
2022-05-30,1814.9831598025937,219535934457.98206,eth,Ethereum
2022-05-31,1995.9364841552344,241204871683.00946,eth,Ethereum
2022-06-01,1944.078766836179,235235428449.11987,eth,Ethereum
2022-06-02,1828.8926546074292,221596716649.26758,eth,Ethereum
2022-06-03,1833.089840845753,222487488380.58923,eth,Ethereum
2022-06-04,1776.979907458187,214879733566.94196,eth,Ethereum
2022-06-05,1804.2616695112486,217832477905.49496,eth,Ethereum
2022-06-06,1805.3313949894373,218561175507.6209,eth,Ethereum
2022-06-07,1860.1813068416047,225224111085.68793,eth,Ethereum
2022-06-08,1818.3877119829308,220727955347.00992,eth,Ethereum
2022-06-09,1794.539625671828,217320792647.69748,eth,Ethereum
2022-06-10,1788.4182866616045,216720355679.05618,eth,Ethereum
2022-06-11,1663.844367412088,201384347491.6296,eth,Ethereum
2022-06-12,1530.0386174317211,185302828001.8518,eth,Ethereum
2022-06-13,1454.6867601728409,176649606143.59042,eth,Ethereum
2022-06-14,1205.5952855404787,146072737222.6309,eth,Ethereum
2022-06-15,1214.8662649132034,146866764082.71503,eth,Ethereum
2022-06-16,1230.3643353556051,148791271623.67947,eth,Ethereum
2022-06-17,1068.6035748646073,129200159744.2964,eth,Ethereum
2022-06-18,1087.8139244584365,132057112459.09528,eth,Ethereum
2022-06-19,995.2525692707909,120148911164.20312,eth,Ethereum
2022-06-20,1125.7540917942745,136214925416.2125,eth,Ethereum
2022-06-21,1132.0543935828048,136360308696.36774,eth,Ethereum
2022-06-22,1124.5613920165545,136466936749.80061,eth,Ethereum
2022-06-23,1051.0740681589236,127762640725.99548,eth,Ethereum
2022-06-24,1144.4807534808065,138845063633.00702,eth,Ethereum
2022-06-25,1229.3040854466553,150370804175.61023,eth,Ethereum
2022-06-26,1244.2862044953927,150822450290.39703,eth,Ethereum
2022-06-27,1201.237790641909,145727702946.91232,eth,Ethereum
2022-06-28,1194.2245084746116,144903396178.83267,eth,Ethereum
2022-06-29,1143.5335357209958,138578887988.78128,eth,Ethereum
2022-06-30,1098.9055176105344,133275228451.34706,eth,Ethereum
2022-07-01,1057.6309990608017,125647331913.1351,eth,Ethereum
2022-07-02,1068.8194401301964,128274306967.60861,eth,Ethereum
2022-07-03,1068.5415025999594,127772810160.63632,eth,Ethereum
2022-07-04,1074.6073175787587,128552380046.80464,eth,Ethereum
2022-07-05,1153.3483147880897,137709680960.0187,eth,Ethereum
2022-07-06,1134.017069659217,135655130079.77824,eth,Ethereum
2022-07-07,1188.72564292538,142216914175.49112,eth,Ethereum
2022-07-08,1240.3784056617153,148622605231.4957,eth,Ethereum
2022-07-09,1233.5146792602989,148022842649.44733,eth,Ethereum
2022-07-10,1216.8497068484603,145667751203.8659,eth,Ethereum
2022-07-11,1169.012707661018,139844141994.57858,eth,Ethereum
2022-07-12,1097.4494380477286,131363492852.48433,eth,Ethereum
2022-07-13,1040.7971455029597,124831295049.54146,eth,Ethereum
2022-07-14,1112.9207827012565,132986401488.71631,eth,Ethereum
2022-07-15,1191.1308371103116,142767764050.56015,eth,Ethereum
2022-07-16,1234.0991389763224,147677565536.3019,eth,Ethereum
2022-07-17,1355.04564021949,161839496479.48514,eth,Ethereum
2022-07-18,1344.7202840019017,161551223982.244,eth,Ethereum
2022-07-19,1570.6589588642053,187518878564.43118,eth,Ethereum
2022-07-20,1542.6298214332235,184299116474.0005,eth,Ethereum
2022-07-21,1527.4139307593093,183383314168.63928,eth,Ethereum
2022-07-22,1576.8252394976823,188807814065.77225,eth,Ethereum
2022-07-23,1536.124922238913,183933879174.97644,eth,Ethereum
2022-07-24,1552.4964891908746,185766674503.14,eth,Ethereum
2022-07-25,1601.2079670127046,192833875418.8718,eth,Ethereum
2022-07-26,1450.4822852139405,176371406952.78534,eth,Ethereum
2022-07-27,1438.9880382230651,172489862867.98703,eth,Ethereum
2022-07-28,1636.9491814677851,195761014376.11777,eth,Ethereum
2022-07-29,1723.5485206790597,206347207632.4567,eth,Ethereum
2022-07-30,1739.0421771356112,210767555013.8352,eth,Ethereum
2022-07-31,1696.7850982136515,203433082401.51196,eth,Ethereum
2022-08-01,1682.011373614746,201684547325.2247,eth,Ethereum
2022-08-02,1636.0185563573557,195962280445.4563,eth,Ethereum
2022-08-03,1638.3786826572205,197496591505.0525,eth,Ethereum
2022-08-04,1621.3413236364065,194280005714.29996,eth,Ethereum
2022-08-05,1612.4189067269824,192923352504.82288,eth,Ethereum
2022-08-06,1725.3826270211505,206550599256.62897,eth,Ethereum
2022-08-07,1693.2965918360276,203417937064.14215,eth,Ethereum
2022-08-08,1699.0064178886953,203847481552.73074,eth,Ethereum
2022-08-09,1775.7013555270828,213209087779.66412,eth,Ethereum
2022-08-10,1698.9661290126492,204260348576.8655,eth,Ethereum
2022-08-11,1852.8785552656473,222103417229.72577,eth,Ethereum
2022-08-12,1881.4274054352998,225973452853.74725,eth,Ethereum
2022-08-13,1959.3309247187408,235254593664.57745,eth,Ethereum
2022-08-14,1982.4118280514233,237972056306.98938,eth,Ethereum
2022-08-15,1936.7011636052605,232593263080.43414,eth,Ethereum
2022-08-16,1908.2776419059185,229440415801.9887,eth,Ethereum
2022-08-17,1880.6001012594395,225581585656.9299,eth,Ethereum
2022-08-18,1834.8264526426372,220665870251.26813,eth,Ethereum
2022-08-19,1850.1112910473696,222652366350.8803,eth,Ethereum
2022-08-20,1618.5325042633535,194817731984.87317,eth,Ethereum
2022-08-21,1579.4157230953704,189621068133.33334,eth,Ethereum
2022-08-22,1624.149982884847,195324471844.68927,eth,Ethereum
2022-08-23,1622.30703457785,193708156170.03223,eth,Ethereum
2022-08-24,1665.7919073919315,199889229686.9934,eth,Ethereum
2022-08-25,1657.7936424663385,199117634174.20898,eth,Ethereum
2022-08-26,1697.0769719636442,204240810436.6186,eth,Ethereum
2022-08-27,1510.1891114840514,181238520850.37888,eth,Ethereum
2022-08-28,1496.0554659420902,179887478326.98642,eth,Ethereum
2022-08-29,1438.7470503278116,173645963258.54285,eth,Ethereum
2022-08-30,1555.1774560415913,187437853967.29883,eth,Ethereum
2022-08-31,1525.400116232047,184447549243.54855,eth,Ethereum
2022-09-01,1552.5629662281337,186670000430.8127,eth,Ethereum
2022-09-02,1588.9803510869067,191078487039.94174,eth,Ethereum
2022-09-03,1575.1766307276075,189678877652.6803,eth,Ethereum
2022-09-04,1555.6740772078124,187266246294.68723,eth,Ethereum
2022-09-05,1578.9493013433012,190082046955.22556,eth,Ethereum
2022-09-06,1617.9354554854337,194714097035.8242,eth,Ethereum
2022-09-07,1564.5589540302462,188733785486.0839,eth,Ethereum
2022-09-08,1629.8832311636493,196797197824.30237,eth,Ethereum
2022-09-09,1635.9321760130483,196882691710.49237,eth,Ethereum
2022-09-10,1717.0769569840472,206873029263.2678,eth,Ethereum
2022-09-11,1779.5190288833046,214315849498.72748,eth,Ethereum
2022-09-12,1761.317355880691,211895058510.3476,eth,Ethereum
2022-09-13,1710.1642908515214,205793007270.87155,eth,Ethereum
2022-09-14,1573.2052136951713,189778580452.97882,eth,Ethereum
2022-09-15,1635.3682061921256,196550513818.88647,eth,Ethereum
2022-09-16,1471.999592516298,177918273632.48117,eth,Ethereum
2022-09-17,1432.215807478607,172471655154.62585,eth,Ethereum
2022-09-18,1471.2039553630448,177299639477.4967,eth,Ethereum
2022-09-19,1335.8525523850524,161378107849.57123,eth,Ethereum
2022-09-20,1379.920704526258,166370229681.14825,eth,Ethereum
2022-09-21,1324.1905646155858,159844149938.74484,eth,Ethereum
2022-09-22,1252.7745621685783,151084586604.48166,eth,Ethereum
2022-09-23,1330.7927929218301,160415097114.1742,eth,Ethereum
2022-09-24,1329.558806730321,160823914264.80762,eth,Ethereum
2022-09-25,1318.099347021849,159030822515.26553,eth,Ethereum
2022-09-26,1294.0750952797787,156146367767.27133,eth,Ethereum
2022-09-27,1335.1212051991713,160767471777.8733,eth,Ethereum
2022-09-28,1331.1501769338627,160800122124.8998,eth,Ethereum
2022-09-29,1340.0230594816517,161716193676.29504,eth,Ethereum
2022-09-30,1335.7389706335669,161267455734.36823,eth,Ethereum
2022-10-01,1329.1460320707963,160462955554.32846,eth,Ethereum
2022-10-02,1311.2633244162857,158410068981.48102,eth,Ethereum
2022-10-03,1277.901345279672,154934842225.90906,eth,Ethereum
2022-10-04,1323.5040179722914,159951067075.9052,eth,Ethereum
2022-10-05,1363.2371821945037,164781680358.15567,eth,Ethereum
2022-10-06,1352.5865243024869,163475522281.134,eth,Ethereum
2022-10-07,1351.4273691979538,163307579801.84253,eth,Ethereum
2022-10-08,1324.8947380290601,160084472602.33664,eth,Ethereum
2022-10-09,1315.857799905668,159083423929.71472,eth,Ethereum
2022-10-10,1322.2697552193713,159586330117.54977,eth,Ethereum
2022-10-11,1291.0816596695552,156180434676.1384,eth,Ethereum
2022-10-12,1279.8833075472612,154657511483.1829,eth,Ethereum
2022-10-13,1294.2710513882173,156488571589.45505,eth,Ethereum
2022-10-14,1288.1640147020812,155703285133.85605,eth,Ethereum
2022-10-15,1297.6276053223842,156801885520.45496,eth,Ethereum
2022-10-16,1275.6937773947975,154496140301.9263,eth,Ethereum
2022-10-17,1306.943118828839,157219790372.87076,eth,Ethereum
2022-10-18,1333.4408776301655,160690333948.33112,eth,Ethereum
2022-10-19,1311.8067255158232,158082173402.60727,eth,Ethereum
2022-10-20,1284.654933702257,154808369275.81442,eth,Ethereum
2022-10-21,1282.0426467759612,154512893268.0924,eth,Ethereum
2022-10-22,1299.8019052506386,156673724237.28812,eth,Ethereum
2022-10-23,1313.767778723105,158365108378.3375,eth,Ethereum
2022-10-24,1364.4868713063736,164218113409.75653,eth,Ethereum
2022-10-25,1343.334491985092,161858058865.06808,eth,Ethereum
2022-10-26,1462.0489375629863,176051206695.99817,eth,Ethereum
2022-10-27,1568.7475855708392,189173389239.5451,eth,Ethereum
2022-10-28,1514.8635252533977,182723289741.9848,eth,Ethereum
2022-10-29,1555.0292135813938,187324850268.18915,eth,Ethereum
2022-10-30,1619.4295836277443,195052502985.67032,eth,Ethereum
2022-10-31,1591.0517734961002,191500820025.9781,eth,Ethereum
2022-11-01,1572.979514885975,189478578997.59592,eth,Ethereum
2022-11-02,1580.3787334402593,190428736966.3317,eth,Ethereum
2022-11-03,1520.6383643789845,183368006193.10986,eth,Ethereum
2022-11-04,1531.112630741574,184398997533.25903,eth,Ethereum
2022-11-05,1644.1928578089398,198053929735.65234,eth,Ethereum
2022-11-06,1626.8064304933644,196264485041.5907,eth,Ethereum
2022-11-07,1572.9477769721586,189763621397.94974,eth,Ethereum
2022-11-08,1569.9886360033397,188875473098.02014,eth,Ethereum
2022-11-09,1334.2879331082395,160813058133.9897,eth,Ethereum
2022-11-10,1095.1839771132936,131794377265.61275,eth,Ethereum
2022-11-11,1301.5538803074423,156380990539.85645,eth,Ethereum
2022-11-12,1293.9115948871518,155222424523.53937,eth,Ethereum
2022-11-13,1255.6010507578437,151059842003.22357,eth,Ethereum
2022-11-14,1223.0064433283683,147426038251.7689,eth,Ethereum
2022-11-15,1241.997092728311,149987178583.21732,eth,Ethereum
2022-11-16,1252.7067308366848,151062413577.56232,eth,Ethereum
2022-11-17,1217.7020892163014,146462319554.31644,eth,Ethereum
2022-11-18,1201.7898419641292,144894942760.29672,eth,Ethereum
2022-11-19,1213.49631006335,146145817586.6032,eth,Ethereum
2022-11-20,1218.8936571112463,146971097131.67468,eth,Ethereum
2022-11-21,1144.2531525085535,137964810712.74976,eth,Ethereum
2022-11-22,1110.2882130124592,133733639793.52232,eth,Ethereum
2022-11-23,1135.175811894246,137050514642.06917,eth,Ethereum
2022-11-24,1184.4617581029652,142854533237.69275,eth,Ethereum
2022-11-25,1204.2078028331202,145091739838.44122,eth,Ethereum
2022-11-26,1198.9755884889066,144810246844.91675,eth,Ethereum
2022-11-27,1205.6579602157142,145222050633.46432,eth,Ethereum
2022-11-28,1196.1962195659255,144507830172.60718,eth,Ethereum
2022-11-29,1170.115741471507,141048501904.6694,eth,Ethereum
2022-11-30,1216.936420693739,146749281622.5983,eth,Ethereum
2022-12-01,1298.94077037352,156777674228.40683,eth,Ethereum
2022-12-02,1276.6393714030964,153787135286.89285,eth,Ethereum
2022-12-03,1293.9480231782143,155766037022.93884,eth,Ethereum
2022-12-04,1243.0408423289737,150322759022.75156,eth,Ethereum
2022-12-05,1282.4164481394064,154484879835.4558,eth,Ethereum
2022-12-06,1259.7575748565346,151960138515.5798,eth,Ethereum
2022-12-07,1271.9354761263946,153112232020.5009,eth,Ethereum
2022-12-08,1233.6250483990402,148778387852.61035,eth,Ethereum
2022-12-09,1281.210637067264,154438830699.8818,eth,Ethereum
2022-12-10,1264.4773467215684,152405570526.73016,eth,Ethereum
2022-12-11,1264.7922793495136,152480155389.30975,eth,Ethereum
2022-12-12,1264.317985551174,152290250844.83786,eth,Ethereum
2022-12-13,1275.332421155143,153743004467.3702,eth,Ethereum
2022-12-14,1319.413007743119,159205793114.4748,eth,Ethereum
2022-12-15,1308.4001523403851,157633274799.26862,eth,Ethereum
2022-12-16,1263.7464240856877,152444818382.92126,eth,Ethereum
2022-12-17,1165.9737772823325,140289330990.1754,eth,Ethereum
2022-12-18,1189.4275215641987,143321475845.90793,eth,Ethereum
2022-12-19,1186.7779210362507,143142028259.18048,eth,Ethereum
2022-12-20,1166.9895905156618,140848456817.4131,eth,Ethereum
2022-12-21,1217.8888916641765,146802833364.30045,eth,Ethereum
2022-12-22,1213.3431612255224,146039250786.06482,eth,Ethereum
2022-12-23,1217.8525497108176,146741009624.09518,eth,Ethereum
2022-12-24,1220.701744919786,147069822795.65387,eth,Ethereum
2022-12-25,1221.3595303484499,147173116811.52798,eth,Ethereum
2022-12-26,1219.286343216304,146840669268.71204,eth,Ethereum
2022-12-27,1226.2534148310056,147697269147.94653,eth,Ethereum
2022-12-28,1211.819562063861,146030514727.00162,eth,Ethereum
2022-12-29,1188.7286638821608,143241827136.73636,eth,Ethereum
2022-12-30,1201.5431060594274,144831301452.10547,eth,Ethereum
2022-12-31,1199.1104971711857,144611517916.40677,eth,Ethereum
2023-01-01,1196.6130648084502,144188788703.97467,eth,Ethereum
2023-01-02,1200.65921690107,144712215098.15164,eth,Ethereum
2023-01-03,1214.3789459253508,146443084804.90094,eth,Ethereum
2023-01-04,1214.760969419338,146422424046.4976,eth,Ethereum
2023-01-05,1256.4366037834864,151322902029.0838,eth,Ethereum
2023-01-06,1250.7922522355914,150805231900.39493,eth,Ethereum
2023-01-07,1270.028610178057,153115414332.1746,eth,Ethereum
2023-01-08,1264.8369433837202,152351777734.96948,eth,Ethereum
2023-01-09,1284.5754041342987,154857941332.0086,eth,Ethereum
2023-01-10,1321.676571173056,159397504473.27673,eth,Ethereum
2023-01-11,1336.017071771777,160999220384.61914,eth,Ethereum
2023-01-12,1389.7716620941067,167839113151.03107,eth,Ethereum
2023-01-13,1417.134908743914,170890542806.26074,eth,Ethereum
2023-01-14,1453.3769102089225,174798760594.58777,eth,Ethereum
2023-01-15,1549.111474081304,187276048380.94897,eth,Ethereum
2023-01-16,1551.324517175301,186901700956.48312,eth,Ethereum
2023-01-17,1577.725890482971,190122961411.69482,eth,Ethereum
2023-01-18,1569.5308332272923,188982728685.09735,eth,Ethereum
2023-01-19,1516.555475473704,183517931282.58932,eth,Ethereum
2023-01-20,1550.5088875585636,186967330908.32364,eth,Ethereum
2023-01-21,1661.3349193405402,200011161010.51965,eth,Ethereum
2023-01-22,1625.9093109886562,195908718395.08084,eth,Ethereum
2023-01-23,1630.8448549407967,196512572594.40756,eth,Ethereum
2023-01-24,1632.9617267135266,196541663696.43738,eth,Ethereum
2023-01-25,1557.0597608721732,187270576772.9432,eth,Ethereum
2023-01-26,1614.6771850629295,194402223992.62006,eth,Ethereum
2023-01-27,1602.8469492523193,193276131177.59738,eth,Ethereum
2023-01-28,1598.4701935450053,192677648328.43668,eth,Ethereum
2023-01-29,1573.0634394330648,189301295262.2017,eth,Ethereum
2023-01-30,1646.5159900930198,198339307428.10373,eth,Ethereum
2023-01-31,1568.64771349631,188787565951.33054,eth,Ethereum
2023-02-01,1586.5395765836909,191042852121.47128,eth,Ethereum
2023-02-02,1642.857168158598,197724834027.55963,eth,Ethereum
2023-02-03,1648.6796840768716,198613736403.15057,eth,Ethereum
2023-02-04,1665.4278712238624,200784153460.47113,eth,Ethereum
2023-02-05,1667.2716925637008,201099652782.7474,eth,Ethereum
2023-02-06,1631.3725233636533,196817854756.22067,eth,Ethereum
2023-02-07,1617.144163289206,194725338782.41467,eth,Ethereum
2023-02-08,1672.8226777758136,201779050385.86017,eth,Ethereum
2023-02-09,1651.4083786023796,199107556553.15936,eth,Ethereum
2023-02-10,1546.383768658398,186306817307.09564,eth,Ethereum
2023-02-11,1515.5340268615535,182839491763.3784,eth,Ethereum
2023-02-12,1541.9688769412712,185826666441.3843,eth,Ethereum
2023-02-13,1515.3346311806397,182722050130.99646,eth,Ethereum
2023-02-14,1506.9162010135053,181589830341.34802,eth,Ethereum
2023-02-15,1556.963484345393,187619568130.73468,eth,Ethereum
2023-02-16,1674.858207473528,201595282287.4858,eth,Ethereum
2023-02-17,1646.143501886728,198370400841.4434,eth,Ethereum
2023-02-18,1697.0848665737892,204534589183.7981,eth,Ethereum
2023-02-19,1692.518962831222,203613145994.36063,eth,Ethereum
2023-02-20,1680.3786857000732,202999098993.98264,eth,Ethereum
2023-02-21,1700.1986814992663,204900256888.84143,eth,Ethereum
2023-02-22,1656.582369571119,199387951962.05505,eth,Ethereum
2023-02-23,1643.1733937453491,198153971276.35593,eth,Ethereum
2023-02-24,1651.850006691427,198619189860.05594,eth,Ethereum
2023-02-25,1608.1034936538365,193773223390.3348,eth,Ethereum
2023-02-26,1593.9519737908456,192056375721.21072,eth,Ethereum
2023-02-27,1640.5827101943062,197696596339.3676,eth,Ethereum
2023-02-28,1633.9766289833817,197018105507.06073,eth,Ethereum
2023-03-01,1606.632639454843,193276888983.6779,eth,Ethereum
2023-03-02,1663.925777294461,200476156508.34192,eth,Ethereum
2023-03-03,1647.6646669077718,198520753673.54544,eth,Ethereum
2023-03-04,1570.668210599776,189178795460.26093,eth,Ethereum
2023-03-05,1568.4956010562191,189002414068.6852,eth,Ethereum
2023-03-06,1563.2256620056303,188337456156.2138,eth,Ethereum
2023-03-07,1567.3501465252189,188803304807.84476,eth,Ethereum
2023-03-08,1563.8131822475007,187945419858.86072,eth,Ethereum
2023-03-09,1535.2602520971097,185138878803.2572,eth,Ethereum
2023-03-10,1440.1676618801841,173232609854.28854,eth,Ethereum
2023-03-11,1429.6031691041849,172474466355.71472,eth,Ethereum
2023-03-12,1474.40324440156,176915178456.41873,eth,Ethereum
2023-03-13,1588.1968020530471,190440681263.21286,eth,Ethereum
2023-03-14,1678.915634393308,202294154847.0903,eth,Ethereum
2023-03-15,1708.300897366666,205738833552.65433,eth,Ethereum
2023-03-16,1658.0701085663115,199607487558.33243,eth,Ethereum
2023-03-17,1679.7924762080895,202411234958.15692,eth,Ethereum
2023-03-18,1793.2988017342332,215660560704.77524,eth,Ethereum
2023-03-19,1769.4253269123851,213123927233.32803,eth,Ethereum
2023-03-20,1801.3674190114587,217844457987.9951,eth,Ethereum
2023-03-21,1744.4414599600184,209763828559.92316,eth,Ethereum
2023-03-22,1811.4112436682735,218008486913.68356,eth,Ethereum
2023-03-23,1747.6400281141143,210285658211.08432,eth,Ethereum
2023-03-24,1824.9566578949327,219518418514.19247,eth,Ethereum
2023-03-25,1751.2194078261725,212072713258.261,eth,Ethereum
2023-03-26,1753.982636507409,211355889911.33264,eth,Ethereum
2023-03-27,1776.867690456723,214528709136.8291,eth,Ethereum
2023-03-28,1719.1709726748606,206685090340.53693,eth,Ethereum
2023-03-29,1776.0436393298319,213909228254.6471,eth,Ethereum
2023-03-30,1795.5369478273235,216268184816.82077,eth,Ethereum
2023-03-31,1792.9085783080432,216024475834.15308,eth,Ethereum
2023-04-01,1824.0200055528176,219903281108.44144,eth,Ethereum
2023-04-02,1823.0003798253083,219561711559.00998,eth,Ethereum
2023-04-03,1797.7369883938552,216494189054.4792,eth,Ethereum
2023-04-04,1810.466255484756,218499091537.94772,eth,Ethereum
2023-04-05,1871.333525898643,225257854355.94864,eth,Ethereum
2023-04-06,1911.3386899517511,230370056366.2714,eth,Ethereum
2023-04-07,1872.2466823679094,225549620778.91388,eth,Ethereum
2023-04-08,1866.6575447874154,224884695655.05383,eth,Ethereum
2023-04-09,1851.0506710706206,223169245107.38303,eth,Ethereum
2023-04-10,1859.9403872878142,224219517643.81366,eth,Ethereum
2023-04-11,1909.8820609415914,230201702660.8635,eth,Ethereum
2023-04-12,1892.938911069582,227988460702.9362,eth,Ethereum
2023-04-13,1920.2230311931223,231476399968.9067,eth,Ethereum
2023-04-14,2012.785415162006,242284529486.34308,eth,Ethereum
2023-04-15,2102.9461882949076,252719453976.0147,eth,Ethereum
2023-04-16,2093.166331331955,251586840869.99887,eth,Ethereum
2023-04-17,2118.5987891538853,253507799906.4971,eth,Ethereum
2023-04-18,2077.5356646371833,247900016291.37604,eth,Ethereum
2023-04-19,2103.2788135921514,251100187595.887,eth,Ethereum
2023-04-20,1936.4259207983632,231458322403.79388,eth,Ethereum
2023-04-21,1943.4355981925776,233965107542.7419,eth,Ethereum
2023-04-22,1850.1497384242152,222536195564.3714,eth,Ethereum
2023-04-23,1877.5413280611456,226130094815.9329,eth,Ethereum
2023-04-24,1863.6391422142244,224130103074.64252,eth,Ethereum
2023-04-25,1842.6307920871575,221819334333.29037,eth,Ethereum
2023-04-26,1870.5652231230274,225096171581.73505,eth,Ethereum
2023-04-27,1867.5893250124868,224807445929.1713,eth,Ethereum
2023-04-28,1910.456779102895,229940294581.2185,eth,Ethereum
2023-04-29,1894.4280839501073,228152292773.13092,eth,Ethereum
2023-04-30,1905.2738522732104,229429843509.54,eth,Ethereum
2023-05-01,1885.3919353369215,227186562478.89902,eth,Ethereum
2023-05-02,1832.725799406749,220608989107.97202,eth,Ethereum
2023-05-03,1870.828572787594,225192198744.26425,eth,Ethereum
2023-05-04,1903.7282107352776,229058202737.14035,eth,Ethereum
2023-05-05,1877.4011950525364,226033834100.12152,eth,Ethereum
2023-05-06,1993.6129657474344,239911504424.29404,eth,Ethereum
2023-05-07,1900.410599025731,228369002903.6794,eth,Ethereum
2023-05-08,1895.2301480548908,228246618295.44156,eth,Ethereum
2023-05-09,1849.2886295625283,222406833247.6045,eth,Ethereum
2023-05-10,1846.0642640231483,222246427487.22958,eth,Ethereum
2023-05-11,1842.865558834664,221632027136.72604,eth,Ethereum
2023-05-12,1798.0719455262627,216323022928.9258,eth,Ethereum
2023-05-13,1808.6949999015692,217659652941.87607,eth,Ethereum
2023-05-14,1797.1994701376498,216032102439.73022,eth,Ethereum
2023-05-15,1799.0086586150053,216439514891.84528,eth,Ethereum
2023-05-16,1820.0447595407188,218513683684.05072,eth,Ethereum
2023-05-17,1823.6630183475188,219562064257.98773,eth,Ethereum
2023-05-18,1821.050634709663,219124262711.37402,eth,Ethereum
2023-05-19,1802.3909554834493,217078808863.77982,eth,Ethereum
2023-05-20,1812.1317035605853,218083824882.0496,eth,Ethereum
2023-05-21,1818.9695295035847,218770214155.48007,eth,Ethereum
2023-05-22,1804.9290671072804,217302257173.6874,eth,Ethereum
2023-05-23,1818.4014644980855,218746186925.56677,eth,Ethereum
2023-05-24,1854.1931182731782,222906967413.9726,eth,Ethereum
2023-05-25,1800.736010305837,216837950430.06705,eth,Ethereum
2023-05-26,1805.8057604056937,217194191610.31747,eth,Ethereum
2023-05-27,1828.9565366197276,219969209232.79053,eth,Ethereum
2023-05-28,1830.3066513168976,220035586188.35385,eth,Ethereum
2023-05-29,1913.8162493165785,230041639357.48282,eth,Ethereum
2023-05-30,1893.7142740897043,227805314887.09955,eth,Ethereum
2023-05-31,1901.078310164527,228588229006.90048,eth,Ethereum
2023-06-01,1874.694885027078,225483513769.4682,eth,Ethereum
2023-06-02,1861.7253869476187,223850958023.0443,eth,Ethereum
2023-06-03,1907.2123218510073,229335461597.8791,eth,Ethereum
2023-06-04,1892.0781764647577,227515751048.97668,eth,Ethereum
2023-06-05,1893.178280382087,227418753400.94525,eth,Ethereum
2023-06-06,1813.6816549003997,218224817446.19363,eth,Ethereum
2023-06-07,1883.2425846255821,226225955928.72498,eth,Ethereum
2023-06-08,1832.3204025034538,220285044251.91275,eth,Ethereum
2023-06-09,1846.0300017820573,222012641423.25446,eth,Ethereum
2023-06-10,1839.2080126581927,221018802010.85452,eth,Ethereum
2023-06-11,1754.6732284106363,210950148701.20724,eth,Ethereum
2023-06-12,1751.7245965042496,210604043872.2481,eth,Ethereum
2023-06-13,1742.5960525666158,209462687695.93982,eth,Ethereum
2023-06-14,1736.7894371674618,208703993936.8153,eth,Ethereum
2023-06-15,1650.6766675535464,198559274296.62064,eth,Ethereum
2023-06-16,1664.9774623940225,200099209933.71683,eth,Ethereum
2023-06-17,1716.3772810928574,206321573355.89554,eth,Ethereum
2023-06-18,1726.3728097349979,207595972780.22693,eth,Ethereum
2023-06-19,1719.2731615068672,206730774198.4613,eth,Ethereum
2023-06-20,1734.7931034426633,208507638780.89432,eth,Ethereum
2023-06-21,1790.1904407317654,215060967094.14032,eth,Ethereum
2023-06-22,1892.899571916819,227581626984.15152,eth,Ethereum
2023-06-23,1874.1779470167141,225381084937.87924,eth,Ethereum
2023-06-24,1891.3450080216778,227419416441.5965,eth,Ethereum
2023-06-25,1875.0599619284883,225448939889.35513,eth,Ethereum
2023-06-26,1899.1473121046054,228332438014.13016,eth,Ethereum
2023-06-27,1859.8024196427973,223061316934.54123,eth,Ethereum
2023-06-28,1890.0129037837075,227143144300.65317,eth,Ethereum
2023-06-29,1828.4583364007253,219923192180.68494,eth,Ethereum
2023-06-30,1853.4452458749938,222892015037.67108,eth,Ethereum
2023-07-01,1934.0457142617754,232417040695.4234,eth,Ethereum
2023-07-02,1924.5672408676514,231096044843.46228,eth,Ethereum
2023-07-03,1933.9598813832074,232373535009.1871,eth,Ethereum
2023-07-04,1953.7811276489165,234942840998.13855,eth,Ethereum
2023-07-05,1937.0004255391354,233226523011.07104,eth,Ethereum
2023-07-06,1910.5052605097412,230045605241.41965,eth,Ethereum
2023-07-07,1855.4747836363103,223411633998.65668,eth,Ethereum
2023-07-08,1869.317187141899,224666147793.60873,eth,Ethereum
2023-07-09,1864.8685919146383,224139520023.71573,eth,Ethereum
2023-07-10,1866.9167424803986,224416034755.06198,eth,Ethereum
2023-07-11,1875.2742726720535,225295266243.27637,eth,Ethereum
2023-07-12,1875.8658719294942,225467256388.71954,eth,Ethereum
2023-07-13,1873.5068153773982,225081147081.1057,eth,Ethereum
2023-07-14,2003.253616074307,240656450975.35602,eth,Ethereum
2023-07-15,1935.9402407442033,232297518076.90158,eth,Ethereum
2023-07-16,1931.389384157173,232081207333.19733,eth,Ethereum
2023-07-17,1923.0359898160434,230847045457.2026,eth,Ethereum
2023-07-18,1912.1228355695634,229772643177.76273,eth,Ethereum
2023-07-19,1897.199112644643,227853365302.58752,eth,Ethereum
2023-07-20,1889.2238055517662,227127167868.42926,eth,Ethereum
2023-07-21,1891.0145054589366,227484313829.40802,eth,Ethereum
2023-07-22,1891.4724028266849,227467577018.69775,eth,Ethereum
2023-07-23,1858.3111958083061,223308803225.0452,eth,Ethereum
2023-07-24,1887.8269808569783,226861079166.83176,eth,Ethereum
2023-07-25,1850.431150587501,222318417477.21103,eth,Ethereum
2023-07-26,1857.5965927470297,223476900309.93112,eth,Ethereum
2023-07-27,1871.5331057115002,224855185617.9887,eth,Ethereum
2023-07-28,1858.77702138144,223413249190.37912,eth,Ethereum
2023-07-29,1874.6939950760675,225320465659.74567,eth,Ethereum
2023-07-30,1880.9180765299413,226074318965.13022,eth,Ethereum
2023-07-31,1861.8699097932104,223813641443.30435,eth,Ethereum
2023-08-01,1857.2761957628516,223177200443.95282,eth,Ethereum
2023-08-02,1869.7451086679923,225952018918.58215,eth,Ethereum
2023-08-03,1838.0119518760303,220936460217.74472,eth,Ethereum
2023-08-04,1835.7013026752861,220768212248.9121,eth,Ethereum
2023-08-05,1828.4611937761101,219476177802.69766,eth,Ethereum
2023-08-06,1835.0705778421902,220487019493.58868,eth,Ethereum
2023-08-07,1826.7067792702178,219533986979.75125,eth,Ethereum
2023-08-08,1826.9334855730522,219422824381.99362,eth,Ethereum
2023-08-09,1856.8441445120409,223111331723.6391,eth,Ethereum
2023-08-10,1855.8907273266504,222992437544.13272,eth,Ethereum
2023-08-11,1850.8769886993493,222411268370.8958,eth,Ethereum
2023-08-12,1847.5418351143242,222019374228.76486,eth,Ethereum
2023-08-13,1848.505238656101,222069758272.72742,eth,Ethereum
2023-08-14,1839.5128095422053,220948326523.33356,eth,Ethereum
2023-08-15,1843.5133910053466,221564238004.30878,eth,Ethereum
2023-08-16,1826.9131281594616,219472776850.51178,eth,Ethereum
2023-08-17,1809.4604742643007,217444475880.3843,eth,Ethereum
